DexNum,Name,Form,Type1,Type2,TotalStat,HP,Attack,Defense,SpAtk,SpDef,Speed,Generation,Legendary,LevelingRate,FemaleRatio,CatchRate,Friendship,Smogon,Height,Weight,EggCycles,EggGroup1,EggGroup2
144,Articuno,,Ice,Flying,580,90,85,100,95,125,85,1,Legendary,Slow,NA,3,35,PU,1.7,55.4,80,Undiscovered,
145,Zapdos,,Electric,Flying,580,90,90,85,125,90,100,1,Legendary,Slow,NA,3,35,OU,1.6,52.6,80,Undiscovered,
146,Moltres,,Fire,Flying,580,90,100,90,125,85,90,1,Legendary,NA,NA,3,35,UU,2,60,80,Undiscovered,
150,Mewtwo Y,Mega,Psychic,,780,106,150,70,194,120,140,1,Legendary,Slow,NA,3,0,UBER,1.5,33,120,Undiscovered,
150,Mewtwo X,Mega,Psychic,Fighting,780,106,190,100,154,100,130,1,Legendary,Slow,NA,3,0,UBER,2.3,127,120,Undiscovered,
150,Mewtwo,,Psychic,,680,106,110,90,154,90,130,1,Legendary,Slow,NA,3,0,UBER,2,122,120,Undiscovered,
243,Raikou,,Electric,,580,90,85,75,115,100,115,2,Legendary,Slow,NA,3,35,RU,1.9,178,80,Undiscovered,
244,Entei,,Fire,,580,115,115,85,90,75,100,2,Legendary,Slow,NA,3,35,RUBL,2.1,198,80,Undiscovered,
245,Suicune,,Water,,580,100,75,115,90,115,85,2,Legendary,Slow,NA,3,35,UU,2,187,80,Undiscovered,
249,Lugia,,Psychic,Flying,680,106,90,130,90,154,110,2,Legendary,Slow,NA,3,0,UBER,5.2,216,120,Undiscovered,
250,Ho-oh,,Fire,Flying,680,106,130,90,110,154,90,2,Legendary,Slow,NA,3,0,UBER,3.8,199,120,Undiscovered,
374,Beldum,,Steel,Psychic,300,40,55,80,35,60,30,3,No,Slow,NA,3,35,LC,0.6,95.2,40,,
375,Metang,,Steel,Psychic,420,60,75,100,55,80,50,3,No,Slow,NA,3,35,PU,1.2,202.5,40,,
376,Metagross,Mega,Steel,Psychic,700,80,145,150,105,110,110,3,Pseudo,Slow,NA,3,35,UBER,2.5,942.9,40,,
376,Metagross,,Steel,Psychic,600,80,135,130,95,90,70,3,Pseudo,Slow,NA,3,35,RU,1.6,550,40,,
377,Regirock,,Rock,,580,80,100,200,50,100,50,3,Legendary,Slow,NA,3,35,PU,1.7,230,80,,
378,Regice,,Ice,,580,80,50,100,100,200,50,3,Legendary,Slow,NA,3,35,PU,1.8,175,80,,
379,Registeel,,Steel,,580,80,75,150,75,150,50,3,Legendary,Slow,NA,3,35,RU,1.9,205,80,,
380,Latias,Mega,Dragon,Psychic,700,80,100,120,140,150,110,3,Legendary,Slow,100,3,90,UUBL,1.8,52,120,,
380,Latias,,Dragon,Psychic,600,80,80,90,110,130,110,3,Legendary,Slow,100,3,90,UUBL,1.4,40,120,,
381,Latios,Mega,Dragon,Psychic,700,80,130,100,160,120,110,3,Legendary,Slow,0,3,90,UUBL,2.3,70,120,,
381,Latios,,Dragon,Psychic,600,80,90,80,130,110,110,3,Legendary,Slow,0,3,90,UUBL,2,60,120,,
382,Kyogre,Primal,Water,,770,100,150,90,180,160,90,3,Legendary,Slow,NA,3,0,UBER,9.8,430,120,,
382,Kyogre,,Water,,670,100,100,90,150,140,90,3,Legendary,Slow,NA,3,0,UBER,4.5,352,120,,
383,Groudon,Primal,Ground,Fire,770,100,180,160,150,90,90,3,Legendary,Slow,NA,3,0,UBER,5,999.7,120,,
383,Groudon,,Ground,,670,100,150,140,100,90,90,3,Legendary,Slow,NA,3,0,UBER,3.5,950,120,,
385,Jirachi,,Steel,Psychic,600,100,100,100,100,100,100,3,Mythical,Slow,NA,3,100,OU,0.3,1.1,120,,
386,Deoxys,Attack,Psychic,,600,50,180,20,180,20,150,3,Mythical,Slow,NA,3,0,UBER,1.7,60.8,120,,
386,Deoxys,Normal,Psychic,,600,50,150,50,150,50,150,3,Mythical,Slow,NA,3,0,UBER,1.7,60.8,120,,
386,Deoxys,Speed,Psychic,,600,50,95,90,95,90,180,3,Mythical,Slow,NA,3,0,UBER,1.7,60.8,120,,
386,Deoxys,Defense,Psychic,,600,50,70,160,70,160,90,3,Mythical,Slow,NA,3,0,UBER,1.7,60.8,120,,
480,Uxie,,Psychic,,580,75,75,130,75,130,95,4,Legendary,Slow,NA,3,140,RU,0.3,0.3,80,,
481,Mesprit,,Psychic,,580,80,105,105,105,105,80,4,Legendary,Slow,NA,3,140,PU,0.3,0.3,80,,
482,Azelf,,Psychic,,580,75,125,70,125,70,115,4,Legendary,Slow,NA,3,140,UU,0.3,0.3,80,,
483,Dialga,,Steel,Dragon,680,100,120,120,150,100,90,4,Legendary,Slow,NA,3,0,UBER,5.4,683,120,,
484,Palkia,,Water,Dragon,680,90,120,100,150,120,100,4,Legendary,Slow,NA,3,0,UBER,4.2,336,120,,
485,Heatran,,Fire,Steel,600,91,90,106,130,106,77,4,Legendary,Slow,50,3,100,OU,1.7,430,10,,
486,Regigigas,,Normal,,670,110,160,110,80,110,100,4,Legendary,Slow,NA,3,0,UNTIERED,3.7,420,120,,
487,Giratina,Origin,Ghost,Dragon,680,150,120,100,120,100,90,4,Legendary,Slow,NA,3,0,UBER,6.9,650,120,,
487,Giratina,Altered,Ghost,Dragon,680,150,100,120,100,120,90,4,Legendary,Slow,NA,3,0,UBER,4.5,750,120,,
488,Cresselia,,Psychic,,600,120,70,120,75,130,85,4,Legendary,Slow,100,3,100,RU,1.5,85.6,120,,
490,Manaphy,,Water,,600,100,100,100,100,100,100,4,Mythical,Slow,NA,3,70,UUBL,0.3,1.4,10,,
491,Darkrai,,Dark,,600,70,90,90,135,90,125,4,Mythical,Slow,NA,3,0,UBER,1.5,50.5,120,,
493,Arceus,,Normal,,720,120,120,120,120,120,120,4,Mythical,Slow,NA,3,0,UBER,3.2,320,120,,
493,Arceus,,Fire,,720,120,120,120,120,120,120,4,Mythical,Slow,NA,3,0,UBER,3.2,320,120,,
493,Arceus,,Water,,720,120,120,120,120,120,120,4,Mythical,Slow,NA,3,0,UBER,3.2,320,120,,
493,Arceus,,Electric,,720,120,120,120,120,120,120,4,Mythical,Slow,NA,3,0,UBER,3.2,320,120,,
493,Arceus,,Grass,,720,120,120,120,120,120,120,4,Mythical,Slow,NA,3,0,UBER,3.2,320,120,,
493,Arceus,,Ice,,720,120,120,120,120,120,120,4,Mythical,Slow,NA,3,0,UBER,3.2,320,120,,
493,Arceus,,Fighting,,720,120,120,120,120,120,120,4,Mythical,Slow,NA,3,0,UBER,3.2,320,120,,
493,Arceus,,Poison,,720,120,120,120,120,120,120,4,Mythical,Slow,NA,3,0,UBER,3.2,320,120,,
493,Arceus,,Ground,,720,120,120,120,120,120,120,4,Mythical,Slow,NA,3,0,UBER,3.2,320,120,,
493,Arceus,,Flying,,720,120,120,120,120,120,120,4,Mythical,Slow,NA,3,0,UBER,3.2,320,120,,
493,Arceus,,Psychic,,720,120,120,120,120,120,120,4,Mythical,Slow,NA,3,0,UBER,3.2,320,120,,
493,Arceus,,Bug,,720,120,120,120,120,120,120,4,Mythical,Slow,NA,3,0,UBER,3.2,320,120,,
493,Arceus,,Rock,,720,120,120,120,120,120,120,4,Mythical,Slow,NA,3,0,UBER,3.2,320,120,,
493,Arceus,,Ghost,,720,120,120,120,120,120,120,4,Mythical,Slow,NA,3,0,UBER,3.2,320,120,,
493,Arceus,,Dragon,,720,120,120,120,120,120,120,4,Mythical,Slow,NA,3,0,UBER,3.2,320,120,,
493,Arceus,,Dark,,720,120,120,120,120,120,120,4,Mythical,Slow,NA,3,0,UBER,3.2,320,120,,
493,Arceus,,Steel,,720,120,120,120,120,120,120,4,Mythical,Slow,NA,3,0,UBER,3.2,320,120,,
493,Arceus,,Fairy,,720,120,120,120,120,120,120,4,Mythical,Slow,NA,3,0,UBER,3.2,320,120,,
494,Victini,,Psychic,Fire,600,100,100,100,100,100,100,5,Mythical,Slow,NA,3,100,OU,0.4,4,120,,
638,Cobalion,,Steel,Fighting,580,91,90,129,90,72,108,5,Legendary,Slow,NA,3,35,UU,2.1,250,80,,
639,Terrakion,,Rock,Fighting,580,91,129,90,72,90,108,5,Legendary,Slow,NA,3,35,UU,1.9,260,80,,
640,Virizion,,Grass,Fighting,580,91,90,72,90,129,108,5,Legendary,Slow,NA,3,35,RU,2,200,80,,
641,Tornadus,Incarnate,Flying,,580,79,115,70,125,80,111,5,Legendary,Slow,0,3,90,RUBL,1.5,63,120,,
641,Tornadus,Therian,Flying,,580,79,100,80,110,90,121,5,Legendary,Slow,0,3,90,OU,1.4,63,120,,
642,Thundurus,Therian,Electric,Flying,580,79,105,70,145,80,101,5,Legendary,Slow,0,3,90,UUBL,3,61,120,,
642,Thundurus,Incarnate,Electric,Flying,580,79,115,70,125,80,111,5,Legendary,Slow,0,3,90,UUBL,1.5,61,120,,
643,Reshiram,,Dragon,Fire,680,100,120,100,150,120,90,5,Legendary,Slow,NA,3,0,UBER,3.2,330,120,,
644,Zekrom,,Dragon,Electric,680,100,150,120,120,100,90,5,Legendary,Slow,NA,3,0,UBER,2.9,345,120,,
645,Landorus,Incarnate,Ground,Flying,600,89,125,90,115,80,101,5,Legendary,Slow,0,3,90,UBER,1.5,68,120,,
645,Landorus,Therian,Ground,Flying,600,89,145,90,105,80,91,5,Legendary,Slow,0,3,90,OU,1.3,68,120,,
646,Kyurem,White,Dragon,Ice,700,125,120,90,170,100,95,5,Legendary,Slow,NA,3,0,UBER,3.6,325,120,,
646,Kyurem,Black,Dragon,Ice,700,125,170,100,120,90,95,5,Legendary,Slow,NA,3,0,OU,3.3,325,120,,
646,Kyurem,,Dragon,Ice,660,125,130,90,130,90,95,5,Legendary,Slow,NA,3,0,RUBL,3,325,120,,
647,Keldeo,Ordinary,Water,Fighting,580,91,72,90,129,90,108,5,Mythical,Slow,NA,3,35,OU,1.4,48.5,80,,
647,Keldeo,Resolute,Water,Fighting,580,91,72,90,129,90,108,5,Mythical,Slow,NA,3,35,OU,1.4,48.5,80,,
648,Meloetta,Aria,Normal,Psychic,600,100,77,77,128,128,90,5,Mythical,Slow,NA,3,100,RUBL,0.6,6.5,120,,
648,Meloetta,Pirouette,Normal,Fighting,600,100,128,90,77,77,128,5,Mythical,Slow,NA,3,100,RUBL,0.6,6.5,120,,
649,Genesect,,Bug,Steel,600,71,120,95,120,95,99,5,Mythical,Slow,NA,3,0,UBER,1.5,82.5,20,,
718,Zygarde,Complete,Dragon,Ground,708,216,100,121,91,95,85,6,Legendary,Slow,NA,3,0,UBER,4.5,610,120,,
718,Zygarde,50%,Dragon,Ground,600,108,100,121,81,95,95,6,Legendary,Slow,NA,3,0,RU,5,305,120,,
718,Zygarde,10%,Dragon,Ground,486,54,100,71,61,85,115,6,Legendary,Slow,NA,3,0,UBER,1.2,33.5,120,,
719,Diancie,Mega,Rock,Fairy,700,50,160,110,160,110,110,6,Mythical,Slow,NA,3,70,OU,1.1,27.8,25,,
719,Diancie,,Rock,Fairy,600,50,100,150,100,150,50,6,Mythical,Slow,NA,3,70,NU,0.7,8.8,25,,
720,Hoopa,Unbound,Psychic,Dark,680,80,160,60,170,130,80,6,Mythical,Slow,NA,3,100,UUBL,6.5,490,120,,
720,Hoopa,Confined,Psychic,Ghost,600,80,110,60,150,130,70,6,Mythical,Slow,NA,3,100,NUBL,0.5,9,120,,
721,Volcanion,,Fire,Water,600,80,110,120,130,90,70,6,Mythical,Slow,NA,3,100,UU,1.7,195,120,,
772,Type: Null,,Normal,,534,95,95,95,95,95,59,7,No,Slow,NA,3,0,PU,1.9,120.5,120,,
773,Silvally,,Normal,,570,95,95,95,95,95,95,7,No,Slow,NA,3,0,UNTIERED,2.3,100.5,120,,
773,Silvally,,Fighting,,570,95,95,95,95,95,95,7,No,Slow,NA,3,0,UNTIERED,2.3,100.5,120,,
773,Silvally,,Flying,,570,95,95,95,95,95,95,7,No,Slow,NA,3,0,UNTIERED,2.3,100.5,120,,
773,Silvally,,Ground,,570,95,95,95,95,95,95,7,No,Slow,NA,3,0,UNTIERED,2.3,100.5,120,,
773,Silvally,,Rock,,570,95,95,95,95,95,95,7,No,Slow,NA,3,0,UNTIERED,2.3,100.5,120,,
773,Silvally,,Bug,,570,95,95,95,95,95,95,7,No,Slow,NA,3,0,UNTIERED,2.3,100.5,120,,
773,Silvally,,Fire,,570,95,95,95,95,95,95,7,No,Slow,NA,3,0,UNTIERED,2.3,100.5,120,,
773,Silvally,,Grass,,570,95,95,95,95,95,95,7,No,Slow,NA,3,0,UNTIERED,2.3,100.5,120,,
773,Silvally,,Electric,,570,95,95,95,95,95,95,7,No,Slow,NA,3,0,UNTIERED,2.3,100.5,120,,
773,Silvally,,Psychic,,570,95,95,95,95,95,95,7,No,Slow,NA,3,0,UNTIERED,2.3,100.5,120,,
773,Silvally,,Ice,,570,95,95,95,95,95,95,7,No,Slow,NA,3,0,UNTIERED,2.3,100.5,120,,
773,Silvally,,Dark,,570,95,95,95,95,95,95,7,No,Slow,NA,3,0,UNTIERED,2.3,100.5,120,,
773,Silvally,,Poison,,570,95,95,95,95,95,95,7,No,Slow,NA,3,0,PU,2.3,100.5,120,,
773,Silvally,,Ghost,,570,95,95,95,95,95,95,7,No,Slow,NA,3,0,PU,2.3,100.5,120,,
773,Silvally,,Water,,570,95,95,95,95,95,95,7,No,Slow,NA,3,0,PU,2.3,100.5,120,,
773,Silvally,,Dragon,,570,95,95,95,95,95,95,7,No,Slow,NA,3,0,PU,2.3,100.5,120,,
773,Silvally,,Fairy,,570,95,95,95,95,95,95,7,No,Slow,NA,3,0,PU,2.3,100.5,120,,
773,Silvally,,Steel,,570,95,95,95,95,95,95,7,No,Slow,NA,3,0,NU,2.3,100.5,120,,
785,Tapu Koko,,Electric,Fairy,570,70,115,85,95,75,130,7,Legendary,Slow,NA,3,70,OU,1.8,20.5,15,,
786,Tapu Lele,,Psychic,Fairy,570,70,85,75,130,115,95,7,Legendary,Slow,NA,3,70,OU,1.2,18.6,15,,
787,Tapu Bulu,,Grass,Fairy,570,70,130,115,85,95,75,7,Legendary,Slow,NA,3,70,OU,1.9,45.5,15,,
788,Tapu Fini,,Water,Fairy,570,70,75,115,95,130,85,7,Legendary,Slow,NA,3,70,OU,1.3,21.2,15,,
801,Magearna,,Steel,Fairy,600,80,95,115,130,115,65,7,Mythical,Slow,NA,3,0,OU,1,80.5,120,,
802,Marshadow,,Fighting,Ghost,600,90,125,80,90,90,125,7,Mythical,Slow,NA,3,0,UBER,0.7,22.2,120,,
807,Zeraora,,Electric,,600,88,112,75,102,80,143,7,Mythical,Slow,NA,3,0,UU,1.5,44.5,120,,
808,Meltan,,Steel,,300,46,65,65,55,35,34,7,Mythical,Slow,NA,3,,PU,0.2,8,,,
809,Melmetal,,Steel,,600,135,143,143,80,65,34,7,Mythical,Slow,NA,3,,PU,2.5,800,,,
637,Volcarona,,Bug,Fire,550,85,60,65,135,105,100,5,No,Slow,50,15,70,OU,1.6,46,40,,
36,Clefable,,Fairy,,483,95,70,73,95,90,60,1,No,Fast,50,25,140,OU,1.3,40,10,Fairy,
143,Snorlax,,Normal,,540,160,110,65,65,110,30,1,No,Slow,12.5,25,70,RU,2.1,460,40,Monster,
208,Steelix,Mega,Steel,Ground,610,75,125,230,55,95,30,2,No,Medium Fast,50,25,70,UU,10.5,740,25,Mineral,
208,Steelix,,Steel,Ground,510,75,85,200,55,65,30,2,No,Medium Fast,50,25,70,NU,9.2,400,25,Mineral,
212,Scizor,Mega,Bug,Steel,600,70,150,140,65,100,75,2,No,Medium Fast,50,25,70,OU,2,125,25,Bug,
212,Scizor,,Bug,Steel,500,70,130,100,55,80,65,2,No,Medium Fast,50,25,70,UU,1.8,118,25,Bug,
226,Mantine,,Water,Flying,485,85,40,70,80,140,70,2,No,Slow,50,25,70,RU,2.1,220,25,Water1,
227,Skarmory,,Steel,Flying,465,65,80,140,40,70,70,2,No,Slow,50,25,70,OU,1.7,50.5,25,Flying,
369,Relicanth,,Water,Rock,485,100,90,130,45,65,55,3,No,Slow,12.5,25,70,UNTIERED,1,23.4,40,Water1,Water2
458,Mantyke,,Water,Flying,345,45,20,50,60,120,50,4,No,Slow,50,25,70,LC,1,65,25,,
550,Basculin,,Water,,460,70,92,65,80,55,98,5,No,Medium Fast,50,25,70,PU,1,18,40,,
615,Cryogonal,,Ice,,485,70,50,30,95,135,105,5,No,Medium Fast,NA,25,70,NU,1.1,148,25,,
781,Dhelmise,,Ghost,Grass,517,70,131,100,86,90,40,7,No,Medium Fast,NA,25,70,NU,3.9,210,25,,
113,Chansey,,Normal,,450,250,5,5,35,105,50,1,No,Slow,100,30,140,OU,1.1,34.6,40,Fairy,
198,Murkrow,,Dark,Flying,405,60,85,42,85,42,91,2,No,Medium Slow,50,30,35,PU,0.5,2.1,20,Flying,
242,Blissey,,Normal,,540,255,10,10,75,135,55,2,No,Fast,100,30,140,UU,1.5,46.8,40,Fairy,
359,Absol,Mega,Dark,,565,65,150,60,115,60,115,3,No,Medium Slow,50,30,35,RUBL,1.2,49,25,Field,
359,Absol,,Dark,,465,65,130,60,75,60,75,3,No,Medium Slow,50,30,35,PU,1.2,47,25,Field,
430,Honchkrow,,Dark,Flying,505,100,125,52,105,52,71,4,No,Medium Slow,50,30,35,RU,0.9,27.3,20,,
441,Chatot,,Normal,Flying,411,76,65,45,92,42,91,4,No,Medium Slow,50,30,35,UNTIERED,0.5,1.9,20,,
462,Magnezone,,Electric,Steel,535,70,70,115,130,90,60,4,No,Medium Fast,NA,30,70,OU,1.2,180,20,,
463,Lickilicky,,Normal,,515,110,85,95,80,95,50,4,No,Medium Fast,50,30,70,UNTIERED,1.7,140,20,,
464,Rhyperior,,Ground,Rock,535,115,140,130,55,55,40,4,No,Slow,50,30,70,RU,2.4,282.8,20,,
465,Tangrowth,,Grass,,535,100,100,125,110,50,50,4,No,Medium Fast,50,30,70,OU,2,128.6,20,,
466,Electivire,,Electric,,540,75,123,67,95,85,95,4,No,Medium Fast,25,30,70,UNTIERED,1.8,138.6,25,,
467,Magmortar,,Fire,,540,75,95,67,125,95,83,4,No,Medium Fast,25,30,70,NU,1.6,68,25,,
468,Togekiss,,Fairy,Flying,545,85,50,95,120,115,80,4,No,Fast,12.5,30,70,UU,1.5,38,10,,
469,Yanmega,,Bug,Flying,515,86,76,86,116,56,95,4,No,Medium Fast,50,30,70,RU,1.9,51.5,20,,
472,Gliscor,,Ground,Flying,510,75,95,125,45,75,95,4,No,Medium Slow,50,30,70,OU,2,42.5,20,,
474,Porygon-Z,,Normal,,535,85,80,70,135,75,90,4,No,Medium Fast,NA,30,70,UUBL,0.9,34,20,,
489,Phione,,Water,,480,80,80,80,80,80,80,4,No,Slow,NA,30,70,UNTIERED,0.4,3.1,40,,
601,Klinklang,,Steel,,520,60,100,115,70,85,90,5,No,Medium Slow,NA,30,70,NU,0.6,81,20,,
604,Eelektross,,Electric,,515,85,115,80,105,80,50,5,No,Slow,50,30,70,PU,2.1,80.5,20,,
774,Minor,Core,Rock,Flying,500,60,100,60,100,60,120,7,No,Medium Slow,NA,30,70,PUBL,0.3,0.3,25,,
774,Minior,Meteor,Rock,Flying,440,60,60,100,60,100,60,7,No,Medium Slow,NA,30,70,PUBL,0.3,40,25,,
805,Stakataka,,Rock,Steel,570,61,131,211,53,101,13,7,Ultra Beast,Slow,NA,30,0,RU,5.5,820,120,,
806,Blacephalon,,Fire,Ghost,570,53,127,53,151,79,107,7,Ultra Beast,Slow,NA,30,0,OU,1.8,13,120,,
132,Ditto,,Normal,,288,48,48,48,48,48,48,1,No,Medium Fast,NA,35,70,PU,0.3,3,20,Ditto,
1,Bulbasaur,,Grass,Poison,318,45,49,49,65,65,45,1,No,Medium Slow,12.5,45,70,LC,0.7,6.9,20,Monster,Grass
2,Ivysaur,,Grass,Poison,405,60,62,63,80,80,60,1,No,Medium Slow,12.5,45,70,PU,1,13,20,Monster,Grass
3,Venusaur,Mega,Grass,Poison,625,80,100,123,122,120,80,1,No,Medium Slow,12.5,45,70,UUBL,2.4,155.5,20,Monster,Grass
3,Venusaur,,Grass,Poison,525,80,82,83,100,100,80,1,No,Medium Slow,12.5,45,70,NUBL,2,100,20,Monster,Grass
4,Charmander,,Fire,,309,39,52,43,60,50,65,1,No,Medium Slow,12.5,45,70,LC,0.6,8.5,20,Monster,Dragon
5,Charmeleon,,Fire,,405,58,64,58,80,65,80,1,No,Medium Slow,12.5,45,70,PU,1.1,19,20,Monster,Dragon
6,Charizard Y,Mega,Fire,Flying,634,78,104,78,159,115,100,1,No,Medium Slow,12.5,45,70,OU,1.7,100.5,20,Monster,Dragon
6,Charizard X,Mega,Fire,Dragon,634,78,130,111,130,85,100,1,No,Medium Slow,12.5,45,70,OU,1.7,110.5,20,Monster,Dragon
6,Charizard,,Fire,Flying,534,78,84,78,109,85,100,1,No,Medium Slow,12.5,45,70,PUBL,1.7,90.5,20,Monster,Dragon
7,Squirtle,,Water,,314,44,48,65,50,64,43,1,No,Medium Slow,12.5,45,70,LC,0.5,9,20,Monster,Water
8,Wartortle,,Water,,405,59,63,80,65,80,58,1,No,Medium Slow,12.5,45,70,PU,1,22.5,20,Monster,Water
9,Blastoise,Mega,Water,,630,79,103,120,135,115,78,1,No,Medium Slow,12.5,45,70,RU,1.6,101.1,20,Monster,Water
9,Blastoise,,Water,,530,79,83,100,85,105,78,1,No,Medium Slow,12.5,45,70,NU,1.6,85.5,20,Monster,Water
12,Butterfree,,Bug,Flying,395,60,45,50,90,80,70,1,No,Medium Fast,50,45,70,UNTIERED,1.1,32,15,Bug,
15,Beedrill,Mega,Bug,Poison,495,65,150,40,15,80,145,1,No,Medium Fast,50,45,70,UU,1.4,40.5,15,Bug,
15,Beedrill,,Bug,Poison,395,65,90,40,45,80,75,1,No,Medium Fast,50,45,70,UNTIERED,1,29.5,15,Bug,
18,Pidgeot,Mega,Normal,Flying,579,83,80,80,135,80,121,1,No,Medium Slow,50,45,70,UU,2.2,50,15,Flying,
18,Pidgeot,,Normal,Flying,479,83,80,75,70,70,101,1,No,Medium Slow,50,45,70,UNTIERED,1.5,39.5,15,Flying,
31,Nidoqueen,,Poison,Ground,505,90,92,87,75,85,76,1,No,Medium Slow,100,45,70,RU,1.3,60,20,Undiscovered,
34,Nidoking,,Poison,Ground,505,81,102,77,85,75,85,1,No,Medium Slow,0,45,70,UU,1.4,62,20,Monster,Field
45,Vileplume,,Grass,Poison,490,75,80,85,110,90,50,1,No,Medium Slow,50,45,70,NU,1.2,18.6,20,Undiscovered,
62,Poliwrath,,Water,Fighting,510,90,95,95,70,90,70,1,No,Medium Slow,50,45,70,PU,1.3,54,20,Water1,
68,Machamp,,Fighting,,505,90,130,80,65,85,55,1,No,Medium Slow,25,45,70,RU,1.6,130,20,Human-Like,
71,Victreebel,,Grass,Poison,490,80,105,65,100,70,70,1,No,Medium Slow,50,45,70,PU,1.7,15.5,20,Grass,
76,Golem,,Rock,Ground,495,80,120,130,55,65,45,1,No,Medium Slow,50,45,70,PU,1.4,300,20,Mineral,
76,Golem,Alolan,Rock,Electric,495,80,120,130,55,65,45,7,No,Medium Slow,50,45,70,UNTIERED,1.7,316,20,Mineral,
83,Farfetch'd,,Normal,Flying,377,52,90,55,58,62,60,1,No,Medium Fast,50,45,70,UNTIERED,0.8,15,20,Flying,Field
85,Dodrio,,Normal,Flying,470,60,110,70,60,60,110,1,No,Medium Fast,50,45,70,PU,1.8,85.2,20,Flying,
94,Gengar,Mega,Ghost,Poison,600,60,65,80,170,95,130,1,No,Medium Slow,50,45,70,UBER,1.4,40.5,20,Amorphous,
94,Gengar,,Ghost,Poison,500,60,65,60,130,75,110,1,No,Medium Slow,50,45,70,UU,1.5,40.5,20,Amorphous,
95,Onix,,Rock,Ground,385,35,45,160,30,45,70,1,No,Medium Fast,50,45,70,LC,8.8,210,20,Mineral,
103,Exeggutor,,Grass,Psychic,530,95,95,85,125,75,55,1,No,Slow,50,45,70,UNTIERED,2,120,20,Grass,
103,Exeggutor,Alolan,Grass,Dragon,530,95,105,85,125,75,45,7,No,Slow,50,45,70,PU,10.9,415.6,20,Grass,
106,Hitmonlee,,Fighting,,455,50,120,53,35,110,87,1,No,Medium Fast,0,45,70,NU,1.5,49.8,25,Human-Like,
107,Hitmonchan,,Fighting,,455,50,105,79,35,110,76,1,No,Medium Fast,0,45,70,PU,1.4,50.2,25,Human-Like,
108,Lickitung,,Normal,,385,90,55,75,60,75,30,1,No,Medium Fast,50,45,70,LC,1.2,65.5,20,Monster,
114,Tangela,,Grass,,435,65,55,115,100,40,60,1,No,Medium Fast,50,45,70,PU,1,35,20,Grass,
115,Kangaskhan,Mega,Normal,,590,105,125,100,60,100,100,1,No,Fast,100,45,70,UBER,2.2,100,20,Monster,
115,Kangaskhan,,Normal,,490,105,95,80,40,80,90,1,No,Fast,100,45,70,PU,2.2,80,20,Monster,
122,Mr. Mime,,Psychic,Fairy,460,40,45,65,100,120,90,1,No,Slow,50,45,70,PU,1.3,54.5,25,Human-Like,
123,Scyther,,Bug,Flying,500,70,110,80,55,80,105,1,No,Medium Fast,50,45,70,PU,1.5,56,25,Bug,
124,Jynx,,Ice,Psychic,455,65,50,35,115,95,95,1,No,Medium Fast,100,45,70,PU,1.4,40.6,25,Human-Like,
125,Electabuzz,,Electric,,490,65,83,57,95,85,105,1,No,Medium Fast,25,45,70,PU,1.1,30,25,Human-Like,
126,Magmar,,Fire,,495,65,95,57,100,85,93,1,No,Medium Fast,25,45,70,PU,1.3,44.5,25,Human-Like,
127,Pinsir,Mega,Bug,Flying,600,65,155,120,65,90,105,1,No,Medium Fast,50,45,70,OU,1.7,55,25,Bug,
127,Pinsir,,Bug,,500,65,125,100,55,70,85,1,No,Medium Fast,50,45,70,PU,1.5,59,25,Bug,
128,Tauros,,Normal,,490,75,100,95,40,70,110,1,No,Medium Fast,0,45,70,PUBL,1.4,88.4,20,Field,
130,Gyarados,Mega,Water,Dark,640,95,155,109,70,130,81,1,No,Slow,50,45,70,OU,6.5,305,5,Water4,Dragon
130,Gyarados,,Water,Flying,540,95,125,79,60,100,81,1,No,Slow,50,45,70,UUBL,6.5,235,5,Water3,Dragon
131,Lapras,,Water,Ice,535,130,85,80,85,95,60,1,No,Slow,50,45,70,UNTIERED,2.5,220,40,Monster,Water1
133,Eevee,,Normal,,325,55,55,50,45,65,55,1,No,Medium Fast,12.5,45,70,LC,0.3,6.5,35,Field,
134,Vaporeon,,Water,,525,130,65,60,110,95,65,1,No,Medium Fast,12.5,45,70,NU,1,29,35,Field,
135,Jolteon,,Electric,,525,65,65,60,110,95,130,1,No,Medium Fast,12.5,45,70,RU,0.8,24.5,35,Field,
136,Flareon,,Fire,,525,65,130,60,95,110,65,1,No,Medium Fast,12.5,45,70,UNTIERED,0.9,25,35,Field,
137,Porygon,,Normal,,395,65,60,70,85,75,40,1,No,Medium Fast,NA,45,70,PU,0.8,36.5,20,Mineral,
138,Omanyte,,Rock,Water,355,35,40,100,90,55,35,1,No,Medium Fast,12.5,45,70,LC,0.4,7.5,30,Water1,Water3
139,Omastar,,Rock,Water,495,70,60,125,115,70,55,1,No,Medium Fast,12.5,45,70,PU,1,35,30,Water1,Water3
140,Kabuto,,Rock,Water,355,30,80,90,55,45,55,1,No,Medium Fast,12.5,45,70,LC,0.5,11.5,30,Water1,Water3
141,Kabutops,,Rock,Water,495,60,115,105,65,70,80,1,No,Medium Fast,12.5,45,70,PU,1.3,40.5,35,Water1,Water3
142,Aerodactyl,Mega,Rock,Flying,615,80,135,85,70,95,150,1,No,Slow,12.5,45,70,UU,2.1,79,35,Flying,
142,Aerodactyl,,Rock,Flying,515,80,105,65,60,75,130,1,No,Slow,12.5,45,70,NU,1.8,59,35,Flying,
147,Dratini,,Dragon,,300,41,64,45,50,50,50,1,No,Slow,50,45,35,LC,1.8,3.3,40,Water1,Dragon
148,Dragonair,,Dragon,,420,61,84,65,70,70,70,1,No,Slow,50,45,35,PU,4,16.5,40,Water1,Dragon
149,Dragonite,,Dragon,Flying,600,91,134,95,100,100,80,1,Pseudo,Slow,50,45,35,UUBL,2.2,210,40,Water1,Dragon
151,Mew,,Psychic,,600,100,100,100,100,100,100,1,Mythical,Medium Slow,NA,45,100,OU,0.4,4,120,Undiscovered,
152,Chikorita,,Grass,,318,45,49,65,49,65,45,2,No,Medium Slow,12.5,45,70,LC,0.9,6.4,20,Monster,Grass
153,Bayleef,,Grass,,405,60,62,80,63,80,60,2,No,Medium Slow,12.5,45,70,PU,1.2,15.8,20,Monster,Grass
154,Meganium,,Grass,,525,80,82,100,83,100,80,2,No,Medium Slow,12.5,45,70,UNTIERED,1.8,100.5,20,Monster,Grass
155,Cyndaquil,,Fire,,309,39,52,43,60,50,65,2,No,Medium Slow,50,45,70,LC,0.5,7.9,20,Field,
156,Quilava,,Fire,,405,58,64,58,80,65,80,2,No,Medium Slow,50,45,70,PU,0.9,19,20,Field,
157,Typhlosion,,Fire,,534,78,84,78,109,85,100,2,No,Medium Slow,12.5,45,70,PUBL,1.7,79.5,20,Field,
158,Totodile,,Water,,314,50,65,64,44,48,43,2,No,Medium Slow,50,45,70,LC,0.6,9.5,20,Monster,Water1
159,Croconaw,,Water,,405,65,80,80,59,63,58,2,No,Medium Slow,50,45,70,PU,1.1,25,20,Monster,Water1
160,Feraligatr,,Water,,530,85,105,100,79,83,78,2,No,Medium Slow,12.5,45,70,RU,2.3,88.8,20,Monster,Water1
181,Ampharos,Mega,Electric,Dragon,610,90,95,105,165,110,45,2,No,Medium Slow,50,45,70,RU,1.4,61.5,20,Monster,Field
181,Ampharos,,Electric,,510,90,75,85,115,90,55,2,No,Medium Slow,50,45,70,UNTIERED,1.4,61.5,20,Monster,Field
182,Bellossom,,Grass,,490,75,80,95,90,100,50,2,No,Medium Slow,50,45,70,PU,0.4,5.8,20,Grass,
186,Politoed,,Water,,500,90,75,75,90,100,70,2,No,Medium Slow,50,45,70,UNTIERED,1.1,33.9,20,Water1,
189,Jumpluff,,Grass,Flying,460,75,55,70,55,95,110,2,No,Medium Slow,50,45,70,PU,0.8,3,20,Fairy,Grass
190,Aipom,,Normal,,360,55,70,55,40,55,85,2,No,Fast,50,45,70,UUBL,0.8,11.5,20,Field,
196,Espeon,,Psychic,,525,65,65,60,130,95,110,2,No,Medium Fast,12.5,45,70,RU,0.9,26.5,35,Field,
197,Umbreon,,Dark,,525,95,65,110,60,130,65,2,No,Medium Fast,12.5,45,35,RU,1,27,35,Field,
200,Misdreavus,,Ghost,,435,60,60,60,85,85,85,2,No,Fast,50,45,35,PU,0.7,1,25,Amorphous,
202,Wobbuffet,,Psychic,,405,190,33,58,33,58,33,2,No,Medium Fast,50,45,70,UNTIERED,1.3,28.5,20,Amorphous,
211,Qwilfish,,Water,Poison,440,65,95,85,55,55,85,2,No,Medium Fast,50,45,70,PU,0.5,3.9,20,Water2,
214,Heracross,Mega,Bug,Fighting,600,80,185,115,40,105,75,2,No,Slow,50,45,70,UUBL,1.7,62.5,25,Bug,
214,Heracross,,Bug,Fighting,500,80,125,75,40,95,85,2,No,Slow,50,45,70,UU,1.5,54,25,Bug,
225,Delibird,,Ice,Flying,330,45,55,45,65,45,75,2,No,Fast,50,45,70,UNTIERED,0.9,16,20,Water1,Field
229,Houndoom,Mega,Dark,Fire,600,75,90,90,140,90,115,2,No,Slow,50,45,35,RUBL,1.9,49.5,20,Field,
229,Houndoom,,Dark,Fire,500,75,90,50,110,80,95,2,No,Slow,50,45,35,NU,1.4,35,20,Field,
230,Kingdra,,Water,Dragon,540,75,95,95,95,95,85,2,No,Medium Fast,50,45,70,NUBL,1.8,152,20,Water1,Dragon
233,Porygon2,,Normal,,515,85,80,90,105,95,60,2,No,Medium Fast,NA,45,70,RU,0.6,32.5,20,Mineral,
234,Stantler,,Normal,,465,73,95,62,85,65,85,2,No,Slow,50,45,70,UNTIERED,1.4,71.2,20,Field,
235,Smeargle,,Normal,,250,55,20,35,20,45,75,2,No,Fast,50,45,70,PU,1.2,58,20,Field,
237,Hitmontop,,Fighting,,455,50,95,95,35,110,70,2,No,Medium Fast,0,45,70,NU,1.4,48,25,Human-Like,
238,Smoochum,,Ice,Psychic,305,45,30,15,85,65,65,2,No,Medium Fast,100,45,70,LC,0.4,6,25,Undiscovered,
239,Elekid,,Electric,,360,45,63,37,65,55,95,2,No,Medium Fast,25,45,70,LC,0.6,23.5,25,Undiscovered,
240,Magby,,Fire,,365,45,75,37,70,55,83,2,No,Medium Fast,25,45,70,LC,0.7,21.4,25,Undiscovered,
241,Miltank,,Normal,,490,95,80,105,40,70,100,2,No,Slow,100,45,70,NU,1.2,75.5,20,Field,
246,Larvitar,,Rock,Ground,300,50,64,50,45,50,41,2,No,Slow,50,45,35,LC,0.6,72,40,Monster,
247,Pupitar,,Rock,Ground,410,70,84,70,65,70,51,2,No,Slow,50,45,35,PU,1.2,152,40,Monster,
248,Tyranitar,Mega,Rock,Dark,700,100,164,150,95,120,71,2,Pseudo,Slow,50,45,35,OU,2.5,255,40,Monster,
248,Tyranitar,,Rock,Dark,600,100,134,110,95,100,61,2,Pseudo,Slow,50,45,35,OU,2,202,40,Monster,
251,Celebi,,Psychic,Grass,600,100,100,100,100,100,100,2,Mythical,Medium Slow,NA,45,100,UU,0.6,5,120,Undiscovered,
252,Treecko,,Grass,,310,40,45,35,65,55,70,3,No,Medium Slow,12.5,45,70,LC,0.5,5,20,Monster,Dragon
253,Grovyle,,Grass,,405,50,65,45,85,65,95,3,No,Medium Slow,12.5,45,70,PU,0.9,21.6,20,Monster,Dragon
254,Sceptile,Mega,Grass,Dragon,630,70,110,75,145,85,145,3,No,Medium Slow,12.5,45,70,RUBL,1.9,55.2,20,Monster,Dragon
254,Sceptile,,Grass,,530,70,85,65,105,85,120,3,No,Medium Slow,12.5,45,70,NU,1.7,52.2,20,Monster,Dragon
255,Torchic,,Fire,,310,45,60,40,70,50,45,3,No,Medium Slow,12.5,45,70,PU,0.4,2.5,20,Field,
256,Combusken,,Fire,Fighting,405,60,85,60,85,60,55,3,No,Medium Slow,12.5,45,70,PU,0.9,19.5,20,Field,
257,Blaziken,Mega,Fire,Fighting,630,80,160,80,130,80,100,3,No,Medium Slow,12.5,45,70,UBER,1.9,52,20,Field,
257,Blaziken,,Fire,Fighting,530,80,120,70,110,70,80,3,No,Medium Slow,12.5,45,70,UBER,1.9,52,20,Field,
258,Mudkip,,Water,,310,50,70,50,50,50,40,3,No,Medium Slow,12.5,45,70,LC,0.4,7.6,20,Monster,Water1
259,Marshtomp,,Water,Ground,405,70,85,70,60,70,50,3,No,Medium Slow,12.5,45,70,PU,0.7,28,20,Monster,Water1
260,Swampert,Mega,Water,Ground,635,100,150,110,95,110,70,3,No,Medium Slow,12.5,45,70,OU,1.9,102,20,Monster,Water1
260,Swampert,,Water,Ground,535,100,110,90,85,90,60,3,No,Medium Slow,12.5,45,70,UU,1.5,81.9,20,Monster,Water1
267,Beautifly,,Bug,Flying,395,60,70,50,100,50,65,3,No,Medium Fast,50,45,70,UNTIERED,1,28.4,15,Bug,
269,Dustox,,Bug,Poison,385,60,50,70,50,90,65,3,No,Medium Fast,50,45,70,UNTIERED,1.2,31.6,15,Bug,
272,Ludicolo,,Water,Grass,480,80,70,70,90,100,70,3,No,Medium Slow,50,45,70,PU,1.5,55,15,Water1,Grass
275,Shiftry,,Grass,Dark,480,90,100,60,90,60,80,3,No,Medium Fast,50,45,70,PU,1.3,59.6,15,Field,Grass
277,Swellow,,Normal,Flying,430,60,85,60,50,50,125,3,No,Medium Fast,50,45,70,RU,0.7,19.8,15,Flying,
279,Pelipper,,Water,Flying,430,60,50,100,85,70,65,3,No,Medium Fast,50,45,70,OU,1.2,28,20,Water1,Flying
282,Gardevoir,Mega,Psychic,Fairy,618,68,85,65,165,135,100,3,No,Fast,50,45,35,UUBL,1.6,48.4,20,Amorphous,
282,Gardevoir,,Psychic,Fairy,518,68,65,65,125,115,80,3,No,Fast,50,45,35,RU,1.6,48.4,20,Amorphous,
289,Slaking,,Normal,,670,150,160,100,95,65,100,3,No,Fast,50,45,70,UNTIERED,2,130.5,15,Field,
292,Shedinja,,Bug,Ghost,236,1,90,45,30,30,40,3,No,NA,NA,45,70,UNTIERED,0.8,1.2,15,Mineral,
295,Exploud,,Normal,,490,104,91,63,91,73,68,3,No,Medium Fast,50,45,70,NUBL,1.5,84,20,Monster,Field
302,Sableye,Mega,Dark,Ghost,480,50,85,125,85,115,20,3,No,Medium Slow,50,45,35,OU,0.5,161,25,Human-Like,
302,Sableye,,Dark,Ghost,380,50,75,75,65,65,50,3,No,Medium Slow,50,45,35,PU,0.5,11,25,Human-Like,
303,Mawile,Mega,Steel,Fairy,480,50,105,125,55,95,50,3,No,Fast,50,45,70,OU,1,23.5,20,Field,Fairy
303,Mawile,,Steel,Fairy,380,50,85,85,55,55,50,3,No,Fast,50,45,70,PU,0.6,11.5,20,Field,Fairy
306,Aggron,Mega,Steel,,630,70,140,230,60,80,50,3,No,Slow,50,45,35,UU,2.2,395,35,Monster,
306,Aggron,,Steel,Rock,530,70,110,180,60,60,50,3,No,Slow,50,45,35,PU,2.1,360,35,Monster,
310,Manectric,Mega,Electric,,575,70,75,80,135,80,135,3,No,Fast,50,45,70,UU,1.8,44,20,Field,
310,Manectric,,Electric,,475,70,75,60,105,60,105,3,No,Fast,50,45,70,PU,1.5,40.2,20,Field,
330,Flygon,,Ground,Dragon,520,80,100,80,80,80,100,3,No,Medium Slow,50,45,70,RU,2,82,20,Bug,
334,Altaria,Mega,Dragon,Fairy,590,75,110,110,110,105,80,3,No,NA,50,45,70,UU,1.5,20.6,20,Flying,Dragon
334,Altaria,,Dragon,Flying,490,75,70,90,70,105,80,3,No,NA,50,45,70,PU,1.1,20.6,20,Flying,Dragon
337,Lunatone,,Rock,Psychic,440,70,55,65,95,85,70,3,No,Fast,NA,45,70,UNTIERED,1,168,25,Mineral,
338,Solrock,,Rock,Psychic,440,70,95,85,55,65,70,3,No,Fast,NA,45,70,UNTIERED,1.2,154,25,Mineral,
345,Lileep,,Rock,Grass,355,66,41,77,61,87,23,3,No,NA,12.5,45,70,LC,1,23.8,30,Water3,
346,Cradily,,Rock,Grass,495,86,81,97,81,107,43,3,No,NA,12.5,45,70,PU,1.5,60.4,30,Water3,
347,Anorith,,Rock,Bug,355,45,95,50,40,50,75,3,No,NA,12.5,45,70,LC,0.7,12.5,30,Water4,
348,Armaldo,,Rock,Bug,495,75,125,100,70,80,45,3,No,NA,12.5,45,70,UNTIERED,1.5,68.2,30,Water5,
351,Castform,,Normal,,420,70,70,70,70,70,70,3,No,Medium Fast,50,45,70,UNTIERED,0.3,0.8,25,Fairy,Amorphous
354,Banette,Mega,Ghost,,555,64,165,75,93,83,75,3,No,Fast,50,45,35,RU,1.2,13,25,Amorphous,
354,Banette,,Ghost,,455,64,115,65,83,63,65,3,No,Fast,50,45,35,UNTIERED,1.1,12.5,25,Amorphous,
358,Chimecho,,Psychic,,425,65,50,70,95,80,65,3,No,Fast,50,45,70,UNTIERED,0.6,1,25,Amorphous,
365,Walrein,,Ice,Water,530,110,80,90,95,90,65,3,No,Medium Slow,50,45,70,UNTIERED,1.4,150.6,20,Water1,Field
371,Bagon,,Dragon,,300,45,75,60,40,30,50,3,No,Slow,50,45,35,LC,0.6,42.1,40,,
372,Shelgon,,Dragon,,420,65,95,100,60,50,50,3,No,Slow,50,45,35,PU,1.1,110.5,40,,
373,Salamence,Mega,Dragon,Flying,700,95,145,130,120,90,120,3,Pseudo,Slow,50,45,35,UBER,1.8,112.6,40,,
373,Salamence,,Dragon,Flying,600,95,135,80,110,80,100,3,Pseudo,Slow,50,45,35,UUBL,1.5,102.6,40,,
384,Rayquaza,Mega,Dragon,Flying,780,105,180,100,180,100,115,3,Legendary,Slow,NA,45,0,AG,10.8,392,120,,
384,Rayquaza,,Dragon,Flying,680,105,150,90,150,90,95,3,Legendary,Slow,NA,45,0,UBER,7,206.5,120,,
387,Turtwig,,Grass,,318,55,68,64,45,55,31,4,No,Medium Slow,12.5,45,70,LC,0.4,10.2,20,,
388,Grotle,,Grass,,405,75,89,85,55,65,36,4,No,Medium Slow,12.5,45,70,PU,1.1,97,20,,
389,Torterra,,Grass,Ground,525,95,109,105,75,85,56,4,No,Medium Slow,12.5,45,70,NU,2.2,310,20,,
390,Chimchar,,Fire,,309,44,58,44,58,44,61,4,No,Medium Slow,12.5,45,70,LC,0.5,6.2,20,,
391,Monferno,,Fire,Fighting,405,64,78,52,78,52,81,4,No,Medium Slow,12.5,45,70,PU,0.9,22,20,,
392,Infernape,,Fire,Fighting,534,76,104,71,104,71,108,4,No,Medium Slow,12.5,45,70,UU,1.2,55,20,,
393,Piplup,,Water,,314,53,51,53,61,56,40,4,No,Medium Slow,12.5,45,70,LC,0.4,5.2,20,,
394,Prinplup,,Water,,405,64,66,68,81,76,50,4,No,Medium Slow,12.5,45,70,PU,0.8,23,20,,
395,Empoleon,,Water,Steel,530,84,86,88,111,101,60,4,No,Medium Slow,12.5,45,70,UU,1.7,84.5,20,,
398,Staraptor,,Normal,Flying,485,85,120,70,50,60,100,4,No,Medium Slow,50,45,70,UUBL,1.2,24.9,15,,
402,Kricketune,,Bug,,384,77,85,51,55,51,65,4,No,Medium Slow,50,45,70,UNTIERED,1,25.5,15,,
405,Luxray,,Electric,,523,80,120,79,95,79,70,4,No,Medium Slow,50,45,70,UNTIERED,1.4,42,20,,
408,Cranidos,,Rock,,350,67,125,40,30,30,58,4,No,NA,12.5,45,70,LC,0.9,31.5,30,,
409,Rampardos,,Rock,,495,97,165,60,65,50,58,4,No,NA,12.5,45,70,PU,1.6,102.5,30,,
410,Shieldon,,Rock,Steel,350,30,42,118,42,88,30,4,No,NA,12.5,45,70,LC,0.5,57,30,,
411,Bastiodon,,Rock,Steel,495,60,52,168,47,138,30,4,No,NA,12.5,45,70,UNTIERED,1.3,149.5,30,,
413,Wormadam,Plant,Bug,Grass,424,60,59,85,79,105,36,4,No,Medium Fast,100,45,70,UNTIERED,0.5,6.5,15,,
413,Wormadam,Trash,Bug,Steel,424,60,69,95,69,95,36,4,No,Medium Fast,100,45,70,UNTIERED,0.5,6.5,15,,
413,Wormadam,Sandy,Bug,Ground,424,60,79,105,59,85,36,4,No,Medium Fast,100,45,70,UNTIERED,0.5,6.5,15,,
414,Mothim,,Bug,Flying,424,70,94,50,94,50,66,4,No,Medium Fast,0,45,70,UNTIERED,0.9,23.3,15,,
416,Vespiquen,,Bug,Flying,474,70,80,102,80,102,40,4,No,Medium Slow,100,45,70,UNTIERED,1.2,38.5,15,,
424,Ambipom,,Normal,,482,75,100,66,60,66,115,4,No,Fast,50,45,100,NU,1.2,20.3,20,,
429,Mismagius,,Ghost,,495,60,60,60,105,105,105,4,No,Fast,50,45,35,NU,0.9,4.4,25,,
443,Gible,,Dragon,Ground,300,58,70,45,40,45,42,4,No,Slow,50,45,70,LC,0.7,20.5,40,,
444,Gabite,,Dragon,Ground,410,68,90,65,50,55,82,4,No,Slow,50,45,70,PU,1.4,56,40,,
445,Garchomp,Mega,Dragon,Ground,700,108,170,115,120,95,92,4,Pseudo,Slow,50,45,70,OU,1.9,95,40,,
445,Garchomp,,Dragon,Ground,600,108,130,95,80,85,102,4,Pseudo,Slow,50,45,70,OU,1.9,95,40,,
448,Lucario,Mega,Fighting,Steel,625,70,145,88,140,70,112,4,No,Medium Slow,12.5,45,70,UBER,1.3,57.5,25,,
448,Lucario,,Fighting,Steel,525,70,110,70,115,70,90,4,No,Medium Slow,12.5,45,70,UU,1.2,54,25,,
452,Drapion,,Poison,Dark,500,70,90,110,60,75,95,4,No,Slow,50,45,70,RU,1.3,61.5,20,,
461,Weavile,,Dark,Ice,510,70,120,65,45,85,125,4,No,Medium Slow,50,45,35,UUBL,1.1,34,20,,
470,Leafeon,,Grass,,525,65,110,130,60,65,95,4,No,Medium Fast,12.5,45,35,PU,1,25.5,35,,
471,Glaceon,,Ice,,525,65,60,110,130,95,65,4,No,Medium Fast,12.5,45,35,UNTIERED,0.8,25.9,35,,
475,Gallade,Mega,Psychic,Fighting,618,68,165,95,65,115,110,4,No,Slow,0,45,35,UUBL,1.6,56.4,20,,
475,Gallade,,Psychic,Fighting,518,68,125,65,65,115,80,4,No,Slow,0,45,35,PUBL,1.6,52,20,,
477,Dusknoir,,Ghost,,525,45,100,135,65,135,45,4,No,Fast,50,45,35,PU,2.2,106.6,25,,
479,Rotom,Heat,Electric,Fire,520,50,65,107,105,107,86,4,No,Medium Fast,NA,45,70,UU,0.3,0.3,20,,
479,Rotom,Fan,Electric,Flying,520,50,65,107,105,107,86,4,No,Medium Fast,NA,45,70,UNTIERED,0.3,0.3,20,,
479,Rotom,Mow,Electric,Grass,520,50,65,107,105,107,86,4,No,Medium Fast,NA,45,70,RU,0.3,0.3,20,,
479,Rotom,Frost,Electric,Ice,520,50,65,107,105,107,86,4,No,Medium Fast,NA,45,70,PU,0.3,0.3,20,,
479,Rotom,Wash,Electric,Water,520,50,65,107,105,107,86,4,No,Medium Fast,NA,45,70,OU,0.3,0.3,20,,
479,Rotom,,Electric,Ghost,440,50,50,77,95,77,91,4,No,Medium Fast,NA,45,70,NU,0.3,0.3,20,,
492,Shaymin,Land,Grass,,600,100,100,100,100,100,100,4,Mythical,Medium Slow,NA,45,100,RU,0.2,2.1,120,,
492,Shaymin,Sky,Grass,Flying,600,100,103,75,120,75,127,4,Mythical,Medium Slow,NA,45,100,UBER,0.4,5.2,120,,
495,Snivy,,Grass,,308,45,45,55,45,55,63,5,No,Medium Slow,12.5,45,70,LC,0.6,8.1,20,,
496,Servine,,Grass,,413,60,60,75,60,75,83,5,No,Medium Slow,12.5,45,70,PU,0.8,16,20,,
497,Serperior,,Grass,,528,75,75,95,75,95,113,5,No,Medium Slow,12.5,45,70,OU,3.3,63,20,,
498,Tepig,,Fire,,308,65,63,45,45,45,45,5,No,Medium Slow,12.5,45,70,LC,0.5,9.9,20,,
499,Pignite,,Fire,Fighting,418,90,93,55,70,55,55,5,No,Medium Slow,12.5,45,70,PU,1,55.5,20,,
500,Emboar,,Fire,Fighting,528,110,123,65,100,65,65,5,No,Medium Slow,12.5,45,70,RU,1.6,150,20,,
501,Oshawott,,Water,,308,55,55,45,63,45,45,5,No,Medium Slow,12.5,45,70,LC,0.5,5.9,20,,
502,Dewott,,Water,,413,75,75,60,83,60,60,5,No,Medium Slow,12.5,45,70,PU,0.8,24.5,20,,
503,Samurott,,Water,,528,95,100,85,108,70,70,5,No,Medium Slow,12.5,45,70,PUBL,1.5,94.6,20,,
508,Stoutland,,Normal,,500,85,110,90,45,90,80,5,No,Medium Slow,50,45,70,PU,1.2,61,15,,
521,Unfezant,,Normal,Flying,488,80,115,80,65,55,93,5,No,Medium Slow,50,45,70,UNTIERED,1.2,29,15,,
526,Gigalith,,Rock,,515,85,135,130,60,80,25,5,No,Medium Slow,50,45,70,NUBL,1.7,260,15,,
528,Swoobat,,Psychic,Flying,425,67,57,55,77,55,114,5,No,Medium Fast,50,45,70,UNTIERED,0.9,10.5,15,,
534,Conkeldurr,,Fighting,,505,105,140,95,55,65,45,5,No,Medium Slow,25,45,70,UUBL,1.5,87,20,,
537,Seismitoad,,Water,Ground,509,105,95,75,85,75,74,5,No,Medium Slow,50,45,70,NU,1.5,62,20,,
538,Throh,,Fighting,,465,120,100,85,30,85,45,5,No,Medium Fast,0,45,70,PU,1.3,55.5,20,,
539,Sawk,,Fighting,,465,75,125,75,30,75,85,5,No,Medium Fast,0,45,70,PUBL,1.4,51,20,,
542,Leavanny,,Bug,Grass,500,75,103,80,70,80,92,5,No,Medium Slow,50,45,70,UNTIERED,1.2,20.5,15,,
545,Scolipede,,Bug,Poison,485,60,100,89,55,69,112,5,No,Medium Slow,50,45,70,UUBL,2.5,200.5,20,,
553,Krookodile,,Ground,Dark,519,95,117,80,65,70,92,5,No,Medium Slow,50,45,70,UU,1.5,96.3,20,,
561,Sigilyph,,Psychic,Flying,490,72,58,80,103,80,97,5,No,Medium Fast,50,45,70,NU,1.4,14,20,,
564,Tirtouga,,Water,Rock,355,54,78,103,53,45,22,5,No,Medium Fast,12.5,45,70,LC,0.7,16.5,30,,
565,Carracosta,,Water,Rock,495,74,108,133,83,65,32,5,No,Medium Fast,12.5,45,70,PU,1.2,81,30,,
566,Archen,,Rock,Flying,401,55,112,45,74,45,70,5,No,Medium Fast,12.5,45,70,LC,0.6,9.5,30,,
567,Archeops,,Rock,Flying,567,75,140,65,112,65,110,5,No,Medium Fast,12.5,45,70,PUBL,1.4,32,30,,
571,Zoroark,,Dark,,510,60,105,60,120,60,105,5,No,Medium Slow,12.5,45,70,RUBL,1.6,81.1,20,,
581,Swanna,,Water,Flying,473,75,87,63,87,63,98,5,No,Medium Fast,50,45,70,PU,1.3,24.2,20,,
584,Vanilluxe,,Ice,,535,71,95,85,110,95,79,5,No,Slow,50,45,70,NU,1.3,57.5,20,,
609,Chandelure,,Ghost,Fire,520,60,55,90,145,90,80,5,No,Medium Slow,50,45,70,UU,1,34.3,20,,
612,Haxorus,,Dragon,,540,76,147,90,60,70,97,5,No,Slow,50,45,35,UU,1.8,105.5,40,,
620,Mienshao,,Fighting,,510,65,125,60,95,60,105,5,No,Medium Slow,50,45,70,RUBL,1.4,35.5,25,,
621,Druddigon,,Dragon,,485,77,120,90,60,90,48,5,No,Medium Fast,50,45,70,NU,1.6,139,30,,
625,Bisharp,,Dark,Steel,490,65,125,100,60,70,70,5,No,Medium Fast,50,45,35,UU,1.6,70,20,,
626,Bouffalant,,Normal,,490,95,110,95,40,95,55,5,No,Medium Fast,50,45,70,UNTIERED,1.6,94.5,20,,
633,Deino,,Dark,Dragon,300,52,65,50,45,50,38,5,No,Slow,50,45,35,LC,0.8,17.3,40,,
634,Zweilous,,Dark,Dragon,420,72,85,70,65,70,58,5,No,Slow,50,45,35,PU,1.4,50,40,,
635,Hydreigon,,Dark,Dragon,600,92,105,90,125,90,98,5,Pseudo,Slow,50,45,35,UU,1.8,160,40,,
636,Larvesta,,Bug,Fire,360,55,85,55,50,55,60,5,No,Slow,50,45,70,LC,1.1,28.8,40,,
650,Chespin,,Grass,,313,56,61,65,48,45,38,6,No,Medium Slow,12.5,45,70,LC,0.4,9,20,,
651,Quilladin,,Grass,,405,61,78,95,56,58,57,6,No,Medium Slow,12.5,45,70,PU,0.7,29,20,,
652,Chesnaught,,Grass,Fighting,530,88,107,122,74,75,64,6,No,Medium Slow,12.5,45,70,UU,1.6,90,20,,
653,Fennekin,,Fire,,307,40,45,40,62,60,60,6,No,Medium Slow,12.5,45,70,LC,0.4,9.4,20,,
654,Braixen,,Fire,,409,59,59,58,90,70,73,6,No,Medium Slow,12.5,45,70,PU,1,14.5,20,,
655,Delphox,,Fire,Psychic,534,75,69,72,114,100,104,6,No,Medium Slow,12.5,45,70,NU,1.5,39,20,,
656,Froakie,,Water,,314,41,56,40,62,44,71,6,No,Medium Slow,12.5,45,70,LC,0.3,7,20,,
657,Frogadier,,Water,,405,54,63,52,83,56,97,6,No,Medium Slow,12.5,45,70,PU,0.6,10.9,20,,
658,Greninja,Ash,Water,Dark,640,72,145,67,153,71,132,6,No,Medium Slow,0,45,70,OU,1.5,40,20,,
658,Greninja,,Water,Dark,530,72,95,67,103,71,122,6,No,Medium Slow,0,45,70,OU,1.5,40,15,,
663,Talonflame,,Fire,Flying,499,78,81,71,74,69,126,6,No,Medium Slow,50,45,70,RUBL,1.2,24.5,15,,
666,Vivillon,,Bug,Flying,411,80,52,50,90,50,89,6,No,Medium Fast,50,45,70,NU,1.2,17,20,,
671,Florges,,Fairy,,552,78,65,68,112,154,75,6,No,Medium Fast,100,45,70,RU,1.1,10,20,,
673,Gogoat,,Grass,,531,123,100,62,97,81,68,6,No,Medium Fast,50,45,70,UNTIERED,1.7,91,20,,
681,Aegislash,Blade,Steel,Ghost,520,60,150,50,150,50,60,6,No,Medium Fast,50,45,70,UBER,1.7,53,20,,
681,Aegislash,Shield,Steel,Ghost,520,60,50,150,50,150,60,6,No,Medium Fast,50,45,70,UBER,1.7,53,20,,
689,Barbaracle,,Rock,Water,500,72,105,115,54,86,68,6,No,Medium Fast,50,45,70,NUBL,1.3,96,20,,
696,Tyrunt,,Rock,Dragon,362,58,89,77,45,45,48,6,No,Medium Fast,12.5,45,70,LC,0.8,26,30,,
697,Tyrantrum,,Rock,Dragon,521,82,121,119,69,59,71,6,No,Medium Fast,12.5,45,70,RU,2.5,270,30,,
698,Amaura,,Rock,Ice,362,77,59,50,67,63,46,6,No,Medium Fast,12.5,45,70,LC,1.3,25.2,30,,
699,Aurorus,,Rock,Ice,521,123,77,72,99,92,58,6,No,Medium Fast,12.5,45,70,PU,2.7,225,30,,
700,Sylveon,,Fairy,,525,95,65,65,110,130,60,6,No,Medium Fast,12.5,45,70,UU,1,23.5,35,,
704,Goomy,,Dragon,,300,45,50,35,55,75,40,6,No,Slow,50,45,35,LC,0.3,2.8,40,,
705,Sliggoo,,Dragon,,452,68,75,53,83,113,60,6,No,Slow,50,45,35,PU,0.8,17.5,40,,
706,Goodra,,Dragon,,600,90,100,70,110,150,80,6,Pseudo,Slow,50,45,35,RU,2,150.5,40,,
715,Noivern,,Flying,Dragon,535,85,70,80,97,80,123,6,No,Medium Fast,50,45,70,RU,1.5,85,20,,
716,Xerneas,,Fairy,,680,126,131,95,131,98,99,6,Legendary,Slow,NA,45,0,UBER,3,215,120,,
717,Yveltal,,Dark,Flying,680,126,131,95,131,98,99,6,Legendary,Slow,NA,45,0,UBER,5.8,203,120,,
722,Rowlet,,Grass,Flying,320,68,55,55,50,50,42,7,No,Medium Slow,12.5,45,70,LC,0.3,1.5,15,,
723,Dartrix,,Grass,Flying,420,78,75,75,70,70,52,7,No,Medium Slow,12.5,45,70,PU,0.7,16,15,,
724,Decidueye,,Grass,Ghost,530,78,107,75,100,100,70,7,No,Medium Slow,12.5,45,70,NU,1.6,36.6,15,,
725,Litten,,Fire,,320,45,65,40,60,40,70,7,No,Medium Slow,12.5,45,70,LC,0.4,4.3,15,,
726,Torracat,,Fire,,420,65,85,50,80,50,90,7,No,Medium Slow,12.5,45,70,PU,0.7,25,15,,
727,Incineroar,,Fire,Dark,530,95,115,90,80,90,60,7,No,Medium Slow,12.5,45,70,NU,1.8,83,15,,
728,Popplio,,Water,,320,50,54,54,66,56,40,7,No,Medium Slow,12.5,45,70,LC,0.4,7.5,15,,
729,Brionne,,Water,,420,60,69,69,91,81,50,7,No,Medium Slow,12.5,45,70,PU,0.6,17.5,15,,
730,Primarina,,Water,Fairy,530,80,74,74,126,116,60,7,No,Medium Slow,12.5,45,70,UU,1.8,44,15,,
733,Toucannon,,Normal,Flying,485,80,120,75,75,75,60,7,No,Medium Fast,50,45,70,PU,1.1,26,15,,
738,Vikavolt,,Bug,Electric,500,77,70,90,145,75,43,7,No,Medium Fast,50,45,70,NU,1.5,45,15,,
741,Oricorio,Baile,Fire,Flying,476,75,70,70,98,70,93,7,No,Medium Fast,50,45,70,UNTIERED,0.6,3.4,20,,
741,Oricorio,Pa'u,Psychic,Flying,476,75,70,70,98,70,93,7,No,Medium Fast,50,45,70,UNTIERED,0.6,3.4,20,,
741,Oricorio,Pom-Pom,Electric,Flying,476,75,70,70,98,70,93,7,No,Medium Fast,50,45,70,PU,0.6,3.4,20,,
741,Oricorio,Sensu,Ghost,Flying,476,75,70,70,98,70,93,7,No,Medium Fast,50,45,70,PU,0.6,3.4,20,,
758,Salazzle,,Poison,Fire,480,68,64,60,111,60,117,7,No,Medium Fast,100,45,70,RU,1.2,22.2,20,,
763,Tsareena,,Grass,,510,72,120,98,50,98,72,7,No,Medium Slow,100,45,70,RU,1.2,21.4,20,,
765,Oranguru,,Normal,Psychic,490,90,60,80,90,110,60,7,No,Slow,50,45,70,UNTIERED,1.5,76,20,,
766,Passimian,,Fighting,,490,100,120,90,40,60,80,7,No,Slow,50,45,70,NU,2,82.8,20,,
768,Golisopod,,Bug,Water,530,75,125,140,60,90,40,7,No,Medium Fast,50,45,70,RU,2,108,20,,
775,Komala,,Normal,,480,65,115,65,75,95,65,7,No,Slow,50,45,70,UNTIERED,0.4,19.9,20,,
778,Mimikyu,,Ghost,Fairy,476,55,90,80,50,105,96,7,No,Medium Fast,50,45,70,OU,0.2,0.7,20,,
782,Jangmo-o,,Dragon,,300,45,55,65,45,45,45,7,No,Slow,50,45,70,LC,0.6,29.7,40,,
783,Hakamo-o,,Dragon,Fighting,420,55,75,90,65,70,65,7,No,Slow,50,45,70,PU,1.2,47,40,,
784,Kommo-o,,Dragon,Fighting,590,75,100,125,100,105,85,7,Pseudo,Slow,50,45,70,UU,1.6,78.2,40,,
789,Cosmog,,Psychic,,200,43,29,31,29,31,37,7,Legendary,Slow,NA,45,0,LC,0.2,0.1,120,,
790,Cosmoem,,Psychic,,400,43,29,131,29,131,37,7,Legendary,Slow,NA,45,0,PU,0.1,999.9,120,,
791,Solgaleo,,Psychic,Steel,680,137,137,107,113,89,97,7,Legendary,Slow,NA,45,0,UBER,3.4,230,120,,
792,Lunala,,Psychic,Ghost,680,137,113,89,137,107,97,7,Legendary,Slow,NA,45,0,UBER,4,120,120,,
793,Nihilego,,Rock,Poison,570,109,53,47,127,131,103,7,Ultra Beast,Slow,NA,45,0,UU,1.2,55.5,120,,
794,Buzzwole,,Bug,Fighting,570,107,139,139,53,53,79,7,Ultra Beast,Slow,NA,45,0,UUBL,2.2,333.6,120,,
795,Pheromosa,,Bug,Fighting,570,71,137,37,137,37,151,7,Ultra Beast,Slow,NA,45,0,UBER,1.8,25,120,,
796,Xurkitree,,Electric,,570,83,89,71,173,71,83,7,Ultra Beast,Slow,NA,45,0,UUBL,3.8,100,120,,
797,Celesteela,,Steel,Flying,570,97,101,103,107,101,61,7,Ultra Beast,Slow,NA,45,0,OU,9.2,999.9,120,,
798,Kartana,,Grass,Steel,570,59,181,131,59,31,109,7,Ultra Beast,Slow,NA,45,0,OU,0.3,0.1,120,,
799,Guzzlord,,Dark,Dragon,570,223,101,53,97,53,43,7,Ultra Beast,Slow,NA,45,0,NU,5.5,888,120,,
803,Poipole,,Poison,,420,67,73,67,73,67,73,7,Ultra Beast,Slow,NA,45,0,PU,0.6,1.8,120,,
804,Naganadel,,Poison,Dragon,540,73,73,73,127,73,121,7,Ultra Beast,Slow,NA,45,0,UBER,3.6,150,120,,
40,Wigglytuff,,Normal,Fairy,435,140,70,45,85,50,45,1,No,Fast,50,50,70,UNTIERED,1,12,15,Fairy,
51,Dugtrio,,Ground,,425,35,100,50,50,70,120,1,No,Medium Fast,50,50,70,UNTIERED,0.7,33.3,20,Field,
51,Dugtrio,Alolan,Ground,Steel,425,35,100,60,50,70,110,7,No,Medium Fast,50,50,70,PU,0.7,66.6,20,Field,
65,Alakazam,Mega,Psychic,,600,55,50,65,175,105,150,1,No,Medium Slow,25,50,70,OU,1.2,48,20,Human-Like,
65,Alakazam,,Psychic,,500,55,50,45,135,95,120,1,No,Medium Slow,25,50,70,UUBL,1.5,48,20,Human-Like,
446,Munchlax,,Normal,,390,135,85,40,40,85,5,4,No,Slow,12.5,50,70,LC,0.6,105,40,,
473,Mamoswine,,Ice,Ground,530,110,130,80,70,60,80,4,No,Slow,50,50,70,UU,2.5,291,20,,
576,Gothitelle,,Psychic,,490,70,55,95,95,110,65,5,No,Medium Slow,50,50,70,UNTIERED,1.5,44,20,,
579,Reuniclus,,Psychic,,490,110,65,75,125,85,30,5,No,Medium Slow,50,50,70,RUBL,1,20.1,20,,
691,Dragalge,,Poison,Dragon,494,65,75,90,97,123,44,6,No,Medium Fast,50,55,70,RU,1.8,81.5,20,,
693,Clawitzer,,Water,,500,71,73,88,120,89,59,6,No,Slow,50,55,70,NU,1.3,35.3,15,,
713,Avalugg,,Ice,,514,95,117,184,44,46,28,6,No,Medium Fast,50,55,70,UNTIERED,2,505,20,,
73,Tentacruel,,Water,Poison,515,80,70,65,80,120,100,1,No,Slow,50,60,70,UU,1.6,55,20,Water3,
78,Rapidash,,Fire,,500,65,100,70,80,80,105,1,No,Medium Fast,50,60,70,UNTIERED,1.7,95,20,Field,
82,Magneton,,Electric,Steel,465,50,60,95,120,70,70,1,No,Medium Fast,NA,60,70,UU,1,60,20,Mineral,
91,Cloyster,,Water,Ice,525,50,95,180,85,45,70,1,No,Slow,50,60,70,RUBL,1.5,132.5,20,Water3,
99,Kingler,,Water,,475,55,130,115,50,50,75,1,No,Medium Fast,50,60,70,NU,1.3,60,20,Water3,
101,Electrode,,Electric,,490,60,50,70,80,80,150,1,No,Medium Fast,NA,60,70,UNTIERED,1.2,66.6,20,Mineral,
110,Weezing,,Poison,,490,65,90,120,85,70,60,1,No,Medium Fast,50,60,70,NU,1.2,9.5,20,Amorphous,
112,Rhydon,,Ground,Rock,485,105,130,120,45,45,40,1,No,Slow,50,60,70,NU,1.9,120,20,Monster,Field
119,Seaking,,Water,,450,80,92,65,65,80,68,1,No,Medium Fast,50,60,70,UNTIERED,1.3,39,20,Water2,
121,Starmie,,Water,Psychic,520,60,75,85,100,85,115,1,No,Slow,NA,60,70,UU,1.1,80,20,Water3,
203,Girafarig,,Normal,Psychic,455,70,80,65,90,65,85,2,No,Medium Fast,50,60,70,UNTIERED,1.5,41.5,20,Field,
207,Gligar,,Ground,Flying,430,65,75,105,35,65,85,2,No,Medium Slow,50,60,70,UU,1.1,64.8,20,Bug,
215,Sneasel,,Dark,Ice,430,55,95,55,35,75,115,2,No,Medium Slow,50,60,35,NU,0.9,28,20,Field,
217,Ursaring,,Normal,,500,90,130,75,75,75,55,2,No,Medium Fast,50,60,70,PU,1.8,125.8,20,Field,
222,Corsola,,Water,Rock,410,65,55,95,65,95,35,2,No,Fast,50,60,70,UNTIERED,0.6,5,20,Water1,Water3
232,Donphan,,Ground,,500,90,120,120,60,60,50,2,No,Medium Fast,50,60,70,RU,1.1,120,20,Field,
301,Delcatty,,Normal,,380,70,65,65,55,55,70,3,No,Fast,50,60,70,UNTIERED,1.1,32.6,15,Field,Fairy
319,Sharpedo,Mega,Water,Dark,560,70,140,70,110,65,105,3,No,Slow,50,60,35,UU,2.5,130.3,20,Water2,
319,Sharpedo,,Water,Dark,460,70,120,40,95,40,95,3,No,Slow,50,60,70,RUBL,1.8,88.8,20,Field,Water2
321,Wailord,,Water,,500,170,90,45,90,45,60,3,No,NA,50,60,70,UNTIERED,14.5,398,40,Field,
326,Grumpig,,Psychic,,470,80,45,65,90,110,80,3,No,Fast,50,60,70,UNTIERED,0.9,71.5,20,Field,
332,Cacturne,,Grass,Dark,475,70,115,60,115,60,55,3,No,Medium Slow,50,60,35,PU,1.3,77.4,20,Grass,Human-Like
350,Milotic,,Water,,540,95,60,79,100,125,81,3,No,NA,50,60,70,RU,6.2,162,20,Water2,Dragon
367,Huntail,,Water,,485,55,104,105,94,75,52,3,No,NA,50,60,70,UNTIERED,1.7,27,20,Water1,
368,Gorebyss,,Water,,485,55,84,105,114,75,52,3,No,NA,50,60,70,UNTIERED,1.8,22.6,20,Water1,
426,Drifblim,,Ghost,Flying,498,150,80,44,90,54,80,4,No,NA,50,60,70,PU,1.2,15,30,,
428,Lopunny,Mega,Normal,Fighting,580,65,136,94,54,96,135,4,No,Medium Fast,50,60,140,OU,1.3,28.3,20,,
428,Lopunny,,Normal,,480,65,76,84,54,96,105,4,No,Medium Fast,50,60,140,UNTIERED,1.2,33.3,20,,
435,Skuntank,,Poison,Dark,479,103,93,67,71,61,84,4,No,Medium Fast,50,60,70,PU,1,38,20,,
450,Hippowdon,,Ground,,525,108,112,118,68,72,47,4,No,Slow,50,60,70,UU,2,300,30,,
460,Abomasnow,Mega,Grass,Ice,594,90,132,105,132,105,30,4,No,Slow,50,60,70,NU,2.7,185,20,,
460,Abomasnow,,Grass,Ice,494,90,92,75,92,85,60,4,No,Slow,50,60,70,PU,2.2,135.5,20,,
476,Probopass,,Rock,Steel,525,60,55,145,75,150,40,4,No,Medium Fast,50,60,70,PU,1.4,340,20,,
530,Excadrill,,Ground,Steel,508,110,135,60,50,65,88,5,No,Medium Fast,50,60,70,OU,0.7,40.4,20,,
555,Darmanitan,Zen,Fire,Psychic,540,105,30,105,140,105,55,5,No,Medium Slow,50,60,70,RUBL,1.3,92.9,20,,
555,Darmanitan,Standard,Fire,,480,105,140,55,30,55,95,5,No,Medium Slow,50,60,70,RUBL,1.3,92.9,20,,
569,Garbodor,,Poison,,474,80,95,82,60,82,75,5,No,Medium Fast,50,60,70,NU,1.9,107.3,20,,
573,Cinccino,,Normal,,470,75,95,60,65,60,115,5,No,Fast,50,60,70,NU,0.5,7.5,15,,
593,Jellicent,,Water,Ghost,480,100,60,70,85,105,60,5,No,Medium Fast,50,60,70,PU,2.2,135,20,,
600,Klang,,Steel,,440,60,80,95,70,85,50,5,No,Medium Slow,NA,60,70,PU,0.6,51,20,,
603,Eelektrik,,Electric,,405,65,85,70,75,70,40,5,No,Slow,50,60,70,PU,1.2,22.2,20,,
611,Fraxure,,Dragon,,410,66,117,70,40,50,67,5,No,Slow,50,60,35,PU,1,36,40,,
614,Beartic,,Ice,,485,95,110,80,70,80,50,5,No,Medium Fast,50,60,70,UNTIERED,2.6,260,20,,
628,Braviary,,Normal,Flying,510,100,123,75,57,75,80,5,No,Slow,0,60,70,NU,1.5,41,20,,
630,Mandibuzz,,Dark,Flying,510,110,65,105,55,95,80,5,No,Slow,100,60,35,RU,1.2,39.5,20,,
703,Carbink,,Rock,Fairy,500,50,50,150,50,150,50,6,No,Slow,NA,60,70,PU,0.3,5.7,25,,
709,Trevenant,,Ghost,Grass,474,85,110,76,65,82,56,6,No,Medium Fast,50,60,70,UNTIERED,1.5,71,20,,
711,Gourgeist,Large,Ghost,Grass,494,75,95,122,58,75,69,6,No,Medium Fast,50,60,70,UNTIERED,1.1,14,20,,
711,Gourgeist,Average,Ghost,Grass,494,65,90,122,58,75,84,6,No,Medium Fast,50,60,70,UNTIERED,0.9,12.5,20,,
711,Gourgeist,Small,Ghost,Grass,494,55,85,122,58,75,99,6,No,Medium Fast,50,60,70,UNTIERED,0.7,9.5,20,,
711,Gourgeist,Super,Ghost,Grass,494,85,100,122,58,75,54,6,No,Medium Fast,50,60,70,PU,1.7,39,20,,
740,Crabominable,,Fighting,Ice,478,97,132,77,62,67,43,7,No,Medium Fast,50,60,70,PU,1.7,180,20,,
746,Wishiwashi,School,Water,,620,45,140,130,140,135,30,7,No,Fast,50,60,70,PU,8.2,78.6,15,,
746,Wishiwashi,Solo,Water,,175,45,20,20,25,25,40,7,No,Fast,50,60,70,PU,0.2,0.3,15,,
750,Mudsdale,,Ground,,500,100,125,100,55,85,35,7,No,Medium Fast,50,60,70,PU,2.5,920,20,,
764,Comfey,,Fairy,,485,51,52,90,82,110,100,7,No,Fast,50,60,70,NU,0.1,0.3,20,,
770,Palossand,,Ghost,Ground,480,85,75,110,100,75,35,7,No,Medium Fast,50,60,70,NU,1.3,250,15,,
771,Pyukumuku,,Water,,410,55,60,130,30,130,5,7,No,Fast,50,60,70,PU,0.3,1.2,15,,
185,Sudowoodo,,Rock,,410,70,100,115,30,65,30,2,No,Medium Fast,50,65,70,UNTIERED,1.2,38,20,Mineral,
668,Pyroar,,Fire,Normal,507,86,68,72,109,66,106,6,No,Medium Slow,87.5,65,70,PUBL,1.5,81.5,20,,
675,Pangoro,,Fighting,Dark,495,95,124,78,69,71,58,6,No,Medium Fast,50,65,70,RU,2.1,136,25,,
199,Slowking,,Water,Psychic,490,95,75,80,100,110,30,2,No,Medium Fast,50,70,70,NU,2,79.5,20,Monster,Water1
760,Bewear,,Normal,Fighting,500,120,125,80,55,60,60,7,No,Medium Fast,50,70,70,RU,2.1,135,15,,
776,Turtonator,,Fire,Dragon,485,60,78,135,91,85,36,7,No,Medium Fast,50,70,70,PU,2,212,20,,
780,Drampa,,Normal,Dragon,485,78,60,85,135,91,36,7,No,Medium Fast,50,70,70,PU,3,185,20,,
26,Raichu,,Electric,,485,60,90,55,90,80,110,1,No,Medium Fast,50,75,70,UNTIERED,0.7,21,10,Field,Fairy
26,Raichu,Alolan,Electric,Psychic,485,60,85,50,95,85,110,7,No,Medium Fast,50,75,70,PU,0.8,30,10,Field,
38,Ninetales,Alolan,Ice,Fairy,505,73,67,75,81,100,109,7,No,Medium Fast,50,75,70,UUBL,1.1,19.9,10,Field,
38,Ninetales,,Fire,,505,73,76,75,81,100,100,1,No,Medium Fast,50,75,70,RU,1.1,19.9,10,Field,
47,Parasect,,Bug,Grass,405,60,95,80,60,80,30,1,No,Medium Fast,50,75,70,UNTIERED,1,29.5,20,Bug,Grass
49,Venomoth,,Bug,Poison,450,70,65,60,90,75,90,1,No,Medium Fast,50,75,70,RUBL,1.5,12.5,20,Bug,
55,Golduck,,Water,,500,80,82,78,95,80,85,1,No,Medium Fast,50,75,70,UNTIERED,1.7,76.6,20,Water1,Field
57,Primeape,,Fighting,,455,65,105,60,60,70,95,1,No,Medium Fast,50,75,70,PU,1,32,20,Field,
59,Arcanine,,Fire,,555,90,110,80,100,80,95,1,No,Slow,25,75,70,RU,1.9,155,20,Field,
80,Slowbro,Mega,Water,Psychic,590,95,75,180,130,80,30,1,No,Medium Fast,50,75,70,RUBL,2,120,20,Monster,Water1
80,Slowbro,,Water,Psychic,490,95,75,110,100,80,30,1,No,Medium Fast,50,75,70,NU,1.6,78.5,20,Monster,Water1
87,Dewgong,,Water,Ice,475,90,70,80,70,95,70,1,No,Medium Fast,50,75,70,UNTIERED,1.7,120,20,Water1,Field
89,Muk,,Poison,,500,105,105,75,65,100,50,1,No,Medium Fast,50,75,70,PU,1.2,30,20,Amorphous,
89,Muk Alolan,,Poison,Dark,500,105,105,75,65,100,50,1,No,Medium Fast,50,75,70,UU,1,52,20,Amorphous,
97,Hypno,,Psychic,,483,85,73,70,73,115,67,1,No,Medium Fast,50,75,70,UNTIERED,1.6,75.6,20,Human-Like,
105,Marowak,Alolan,Fire,Ghost,425,60,80,110,50,80,45,7,No,Medium Fast,50,75,70,RU,1,34,20,Monster,
105,Marowak,,Ground,,425,60,80,110,50,80,45,1,No,Medium Fast,50,75,70,UNTIERED,1,45,20,Monster,
117,Seadra,,Water,,440,55,65,95,95,45,85,1,No,Medium Fast,50,75,70,PU,1.2,25,20,Water1,Dragon
171,Lanturn,,Water,Electric,460,125,58,58,76,76,67,2,No,Slow,50,75,70,PU,1.2,22.5,20,Water2,
176,Togetic,,Fairy,Flying,405,55,40,85,80,105,40,2,No,Fast,12.5,75,70,PU,0.6,3.2,10,Flying,Fairy
178,Xatu,,Psychic,Flying,470,65,75,70,95,70,95,2,No,Medium Fast,50,75,70,NU,1.5,15,20,Flying,
184,Azumarill,,Water,Fairy,420,100,50,80,60,80,50,2,No,Fast,50,75,70,UUBL,0.8,28.5,10,Water1,Fairy
193,Yanma,,Bug,Flying,390,65,65,45,75,45,95,2,No,Medium Fast,50,75,70,PU,1.2,38,20,Bug,
205,Forretress,,Bug,Steel,465,75,90,140,60,60,40,2,No,Medium Fast,50,75,70,RU,1.2,125.8,20,Bug,
210,Granbull,,Fairy,,450,90,120,75,60,60,45,2,No,Fast,50,75,70,PU,1.4,48.7,20,Field,Fairy
219,Magcargo,,Fire,Rock,430,60,50,120,90,80,30,2,No,Medium Fast,50,75,70,UNTIERED,0.8,55,20,Amorphous,
221,Piloswine,,Ice,Ground,450,100,100,80,60,60,50,2,No,Slow,50,75,70,NU,1.1,55.8,20,Field,
224,Octillery,,Water,,480,75,105,75,105,75,45,2,No,Medium Fast,50,75,70,UNTIERED,0.9,28.5,20,Water1,Water2
236,Tyrogue,,Fighting,,210,35,35,35,35,35,35,2,No,Medium Fast,0,75,70,LC,0.7,21,25,Undiscovered,
284,Masquerain,,Bug,Flying,414,70,60,62,80,82,60,3,No,Medium Fast,50,75,70,UNTIERED,0.8,3.6,15,Water2,Bug
317,Swalot,,Poison,,467,100,73,83,73,83,55,3,No,Medium Slow,50,75,70,UNTIERED,1.7,80,20,Amorphous,
340,Whiscash,,Water,Ground,468,110,78,73,76,71,60,3,No,Medium Fast,50,75,70,UNTIERED,0.9,23.6,20,Water2,
362,Glalie,,Ice,,480,80,80,80,80,80,80,3,No,Medium Fast,50,75,70,UNTIERED,1.5,256.5,20,Fairy,Mineral
407,Roserade,,Grass,Poison,515,60,70,65,125,105,90,4,No,Medium Slow,50,75,70,RU,0.9,14.5,20,,
419,Floatzel,,Water,,495,85,105,55,85,50,115,4,No,Medium Fast,50,75,70,PU,1.1,33.5,20,,
421,Cherrim,,Grass,,450,70,60,70,87,78,85,4,No,Medium Fast,50,75,70,UNTIERED,0.5,9.3,20,,
423,Gastrodon,,Water,Ground,475,111,83,68,92,82,39,4,No,Medium Fast,50,75,70,PU,0.9,29.9,20,,
432,Purugly,,Normal,,452,71,82,64,64,59,112,4,No,Fast,50,75,70,UNTIERED,1,43.8,20,,
447,Riolu,,Fighting,,285,40,70,40,35,40,60,4,No,Medium Slow,12.5,75,70,LC,0.7,20.2,25,,
454,Toxicroak,,Poison,Fighting,490,83,106,65,86,65,85,4,No,Medium Fast,50,75,70,RU,1.3,44.4,20,,
457,Lumineon,,Water,,460,69,69,76,69,86,91,4,No,NA,50,75,70,UNTIERED,1.2,24,20,,
478,Froslass,,Ice,Ghost,480,70,80,70,80,70,110,4,No,Medium Fast,100,75,70,PU,1.3,26.6,20,,
512,Simisage,,Grass,,498,75,98,63,98,63,101,5,No,Medium Fast,12.5,75,70,UNTIERED,1.1,30.5,20,,
514,Simisear,,Fire,,498,75,98,63,98,63,101,5,No,Medium Fast,12.5,75,70,PU,1,28,20,,
516,Simipour,,Water,,498,75,98,63,98,63,101,5,No,Medium Fast,12.5,75,70,UNTIERED,1,29,20,,
518,Musharna,,Psychic,,487,116,55,85,107,95,29,5,No,Fast,50,75,70,PU,1.1,60.5,10,,
523,Zebstrika,,Electric,,497,75,100,63,80,63,116,5,No,Medium Fast,50,75,70,UNTIERED,1.6,79.5,20,,
547,Whimsicott,,Grass,Fairy,480,60,67,85,77,75,116,5,No,Medium Fast,50,75,70,NU,0.7,6.6,20,,
549,Lilligant,,Grass,,480,70,60,75,110,75,90,5,No,Medium Fast,100,75,70,PU,1.1,16.3,20,,
558,Crustle,,Bug,Rock,475,70,95,125,65,75,45,5,No,Medium Fast,50,75,70,UNTIERED,1.4,200,20,,
570,Zorua,,Dark,,330,40,65,40,80,40,65,5,No,Medium Slow,12.5,75,70,LC,0.7,12.5,25,,
586,Sawsbuck,Spring,Normal,Grass,475,80,100,70,60,70,95,5,No,Medium Fast,50,75,70,PU,1.9,92.5,20,,
586,Sawsbuck,Summer,Normal,Grass,475,80,100,70,60,70,95,5,No,Medium Fast,50,75,70,PU,1.9,92.5,20,,
586,Sawsbuck,Autumn,Normal,Grass,475,80,100,70,60,70,95,5,No,Medium Fast,50,75,70,PU,1.9,92.5,20,,
586,Sawsbuck,Winter,Normal,Grass,475,80,100,70,60,70,95,5,No,Medium Fast,50,75,70,PU,1.9,92.5,20,,
589,Escavalier,,Bug,Steel,495,70,135,105,60,105,20,5,No,Medium Fast,50,75,70,RU,1,33,15,,
591,Amoonguss,,Grass,Poison,464,114,85,70,85,80,30,5,No,Medium Fast,50,75,70,UU,0.6,10.5,20,,
594,Alomomola,,Water,,470,165,75,80,40,45,65,5,No,Fast,50,75,70,UU,1.2,31.6,40,,
596,Galvantula,,Bug,Electric,472,70,77,60,97,60,108,5,No,Medium Fast,50,75,70,RU,0.8,14.3,20,,
610,Axew,,Dragon,,320,46,87,60,30,40,57,5,No,Slow,50,75,35,LC,0.6,18,40,,
617,Accelgor,,Bug,,495,80,70,40,100,60,145,5,No,Medium Fast,50,75,70,NU,0.8,25.3,15,,
618,Stunfisk,,Ground,Electric,471,109,66,84,81,99,32,5,No,Medium Fast,50,75,70,PU,0.7,11,20,,
678,Meowstic Female,,Psychic,,466,74,48,76,83,81,104,6,No,Medium Fast,50,75,70,UNTIERED,0.6,8.5,20,,
678,Meowstic Male,,Psychic,,466,74,48,76,83,81,104,6,No,Medium Fast,50,75,70,PU,0.6,8.5,20,,
695,Heliolisk,,Electric,Normal,481,62,55,52,109,94,109,6,No,Medium Fast,50,75,70,NU,1,21,20,,
707,Klefki,,Steel,Fairy,470,57,80,91,80,87,75,6,No,Fast,50,75,70,UU,0.2,3,20,,
743,Ribombee,,Bug,Fairy,464,60,55,60,95,70,124,7,No,Medium Fast,50,75,70,NUBL,0.2,0.5,20,,
748,Toxapex,,Poison,Water,495,50,63,152,53,142,35,7,No,Medium Fast,50,75,70,OU,0.7,14.5,20,,
754,Lurantis,,Grass,,480,70,105,90,80,90,45,7,No,Medium Fast,50,75,70,PU,0.9,18.5,20,,
756,Shiinotic,,Grass,Fairy,405,60,45,80,90,100,30,7,No,Medium Fast,50,75,70,UNTIERED,1,11.5,20,,
687,Malamar,,Dark,Psychic,482,86,92,88,68,75,73,6,No,Medium Fast,50,80,70,NU,1.5,4.7,20,,
779,Bruxish,,Water,Psychic,475,68,105,70,70,70,92,7,No,Medium Fast,50,80,70,NUBL,0.9,19,15,,
22,Fearow,,Normal,Flying,442,65,90,65,61,61,100,1,No,Medium Fast,50,90,70,UNTIERED,1.2,38,15,Undiscovered,
24,Arbok,,Poison,,448,60,95,69,65,79,80,1,No,Medium Fast,50,90,70,UNTIERED,3.5,65,20,Field,Dragon
28,Sandslash,,Ground,,450,75,100,110,45,55,65,1,No,Medium Fast,50,90,70,UNTIERED,1,29.5,20,Field,
28,Sandslash,Alolan,Ice,Steel,450,75,100,120,25,65,65,7,No,Medium Fast,50,90,70,PU,1.2,55,20,Field,
42,Golbat,,Poison,Flying,455,75,80,70,65,75,90,1,No,Medium Fast,50,90,70,NU,1.6,55,20,Flying,
53,Persian,,Normal,,440,65,70,60,65,65,115,1,No,Medium Fast,50,90,70,UNTIERED,1,32,20,Field,
53,Persian,Alolan,Dark,,440,65,60,60,75,65,115,7,No,Medium Fast,50,90,70,PU,1.1,33,20,Field,
67,Machoke,,Fighting,,405,80,100,70,50,60,45,1,No,Medium Slow,25,90,70,PU,1.5,70.5,20,Human-Like,
93,Haunter,,Ghost,Poison,405,45,50,45,115,55,95,1,No,Medium Slow,50,90,70,PU,1.6,0.1,20,Amorphous,
102,Exeggcute,,Grass,Psychic,325,60,40,80,60,45,40,1,No,Slow,50,90,70,LC,0.4,2.5,20,Grass,
162,Furret,,Normal,,415,85,76,64,45,55,90,2,No,Medium Fast,50,90,70,UNTIERED,1.8,32.5,15,Field,
164,Noctowl,,Normal,Flying,452,100,50,50,86,96,70,2,No,Medium Fast,50,90,70,PU,1.6,40.8,15,Flying,
166,Ledian,,Bug,Flying,390,55,35,50,55,110,85,2,No,Fast,50,90,70,UNTIERED,1.4,35.6,15,Bug,
168,Ariados,,Bug,Poison,400,70,90,70,60,70,40,2,No,Fast,50,90,70,UNTIERED,1.1,33.5,15,Bug,
169,Crobat,,Poison,Flying,535,85,90,80,70,80,130,2,No,Medium Fast,50,90,70,UU,1.8,75,15,Flying,
195,Quagsire,,Water,Ground,430,95,85,85,65,65,35,2,No,Medium Fast,50,90,70,PU,1.4,75,20,Water1,Field
264,Linoone,,Normal,,420,78,70,61,50,61,100,3,No,Medium Fast,50,90,70,RU,0.5,32.5,15,Field,
286,Breloom,,Grass,Fighting,460,60,130,80,60,60,70,3,No,NA,50,90,70,UUBL,1.2,39.2,15,Fairy,Grass
305,Lairon,,Steel,Rock,430,60,90,140,50,50,40,3,No,Slow,50,90,35,PU,0.9,120,35,Monster,
308,Medicham,Mega,Fighting,Psychic,510,60,100,85,80,85,100,3,No,Medium Fast,50,90,70,OU,1.3,31.5,20,Human-Like,
308,Medicham,,Fighting,Psychic,410,60,60,75,60,75,80,3,No,Medium Fast,50,90,70,NU,1.3,31.5,20,Human-Like,
324,Torkoal,,Fire,,470,70,85,140,85,70,20,3,No,Medium Fast,50,90,70,UNTIERED,0.5,80.4,20,Field,
335,Zangoose,,Normal,,458,73,115,60,60,60,90,3,No,NA,50,90,70,PU,1.3,40.3,20,Field,
336,Seviper,,Poison,,458,73,100,60,100,60,65,3,No,NA,50,90,70,UNTIERED,2.7,52.5,20,Field,Dragon
344,Claydol,,Ground,Psychic,500,60,70,105,70,120,75,3,No,Medium Fast,NA,90,70,PU,1.5,107.9,20,Mineral,
356,Dusclops,,Ghost,,455,40,70,130,60,130,25,3,No,Fast,50,90,35,PU,1.6,30.6,25,Amorphous,
437,Bronzong,,Steel,Psychic,500,67,89,116,79,116,33,4,No,Medium Fast,NA,90,70,RU,1.3,187,20,,
510,Liepard,,Dark,,446,64,88,50,88,50,106,5,No,Medium Fast,50,90,70,PU,1.1,37.5,20,,
533,Gurdurr,,Fighting,,405,85,105,85,40,50,40,5,No,Medium Slow,25,90,70,PU,1.2,40,20,,
552,Krokorok,,Ground,Dark,351,60,82,45,45,45,74,5,No,Medium Slow,50,90,70,PU,1,33.4,20,,
560,Scrafty,,Dark,Fighting,488,65,90,115,45,115,58,5,No,Medium Fast,50,90,70,NU,1.1,30,15,,
563,Cofagrigus,,Ghost,,483,58,50,145,95,105,30,5,No,Medium Fast,50,90,70,NUBL,1.7,76.5,25,,
598,Ferrothorn,,Grass,Steel,489,74,94,131,54,116,20,5,No,Medium Fast,50,90,70,OU,1,110,20,,
606,Beheeyem,,Psychic,,485,75,75,75,125,95,40,5,No,Medium Fast,50,90,70,PU,1,34.5,20,,
608,Lampent,,Ghost,Fire,370,60,40,60,95,60,55,5,No,Medium Slow,50,90,70,PU,0.5,13,20,,
623,Golurk,,Ground,Ghost,483,89,124,80,55,80,55,5,No,Medium Fast,NA,90,70,PU,2.8,330,25,,
631,Heatmor,,Fire,,484,85,97,66,105,66,65,5,No,Medium Fast,50,90,70,UNTIERED,1.4,58,20,,
632,Durant,,Bug,Steel,484,58,109,112,48,48,109,5,No,Medium Fast,50,90,70,RUBL,0.3,33,20,,
680,Doublade,,Steel,Ghost,448,59,110,150,45,49,35,6,No,Medium Fast,50,90,70,UU,0.8,4.5,20,,
745,Lycanroc,Midnight,Rock,,487,85,115,75,55,75,82,7,No,Medium Fast,50,90,70,UNTIERED,1.1,25,15,,
745,Lycanroc,Dusk,Rock,,487,75,117,65,55,65,110,7,No,Medium Fast,50,90,70,RU,0.8,25,15,,
745,Lycanroc,Midday,Rock,,487,75,115,65,55,65,112,7,No,Medium Fast,50,90,70,PU,0.8,25,15,,
767,Wimpod,,Bug,Water,230,25,35,40,20,30,80,7,No,Medium Fast,50,90,70,LC,0.5,12,20,,
64,Kadabra,,Psychic,,400,40,35,30,120,70,105,1,No,Medium Slow,25,100,70,PU,1.3,56.5,20,Human-Like,
442,Spiritomb,,Ghost,Dark,485,50,92,108,92,108,35,4,No,Medium Fast,50,100,70,PU,1,108,30,,
575,Gothorita,,Psychic,,390,60,45,70,75,85,55,5,No,Medium Slow,50,100,70,PU,0.7,18,20,,
578,Duosion,,Psychic,,370,65,40,50,125,60,30,5,No,Medium Slow,50,100,70,PU,0.6,8,20,,
701,Hawlucha,,Fighting,Flying,500,78,92,75,74,63,118,6,No,Medium Fast,50,100,70,OU,0.8,21.5,20,,
752,Araquanid,,Water,Bug,454,68,70,92,50,132,42,7,No,Medium Fast,50,100,70,RU,1.8,82,15,,
11,Metapod,,Bug,,205,50,20,55,25,25,30,1,No,Medium Fast,50,120,70,PU,0.7,9.9,15,Bug,
14,Kakuna,,Bug,Poison,205,45,25,50,25,25,35,1,No,Medium Fast,50,120,70,PU,0.6,10,15,Bug,
17,Pidgeotto,,Normal,Flying,349,63,60,55,50,50,71,1,No,Medium Slow,50,120,70,PU,1.1,30,15,Flying,
30,Nidorina,,Poison,,365,70,62,67,55,55,56,1,No,Medium Slow,100,120,70,PU,0.8,20,20,Undiscovered,
33,Nidorino,,Poison,,365,61,72,57,55,55,65,1,No,Medium Slow,0,120,70,PU,0.9,19.5,20,Monster,Field
44,Gloom,,Grass,Poison,395,60,65,70,85,75,40,1,No,Medium Slow,50,120,70,PU,0.8,8.6,20,Undiscovered,
61,Poliwhirl,,Water,,385,65,65,65,50,50,90,1,No,Medium Slow,50,120,70,PU,1,20,20,Water1,
70,Weepinbell,,Grass,Poison,390,65,90,50,85,45,55,1,No,Medium Slow,50,120,70,PU,1,6.4,20,Grass,
75,Graveler,,Rock,Ground,390,55,95,115,45,45,35,1,No,Medium Slow,50,120,70,PU,1,105,15,Mineral,
75,Graveler,Alolan,Rock,Electric,390,55,95,115,45,45,35,7,No,Medium Slow,50,120,70,PU,1,110,15,Mineral,
111,Rhyhorn,,Ground,Rock,345,80,85,95,30,30,25,1,No,Slow,50,120,70,LC,1,115,20,Monster,Field
180,Flaaffy,,Electric,,365,70,55,55,80,60,45,2,No,Medium Slow,50,120,70,PU,0.8,13.3,20,Monster,Field
188,Skiploom,,Grass,Flying,340,55,45,50,45,65,80,2,No,Medium Slow,50,120,70,PU,0.6,1,20,Fairy,Grass
192,Sunflora,,Grass,,425,75,75,55,105,85,30,2,No,Medium Slow,50,120,70,UNTIERED,0.8,8.5,20,Grass,
216,Teddiursa,,Normal,,330,60,80,50,50,50,40,2,No,Medium Fast,50,120,70,LC,0.6,8.8,20,Field,
228,Houndour,,Dark,Fire,330,45,60,30,80,50,65,2,No,Slow,50,120,35,LC,0.6,10.8,20,Field,
231,Phanpy,,Ground,,330,90,60,60,40,40,40,2,No,Medium Fast,50,120,70,LC,0.5,33.5,20,Field,
266,Silcoon,,Bug,,205,50,35,55,25,25,15,3,No,Medium Fast,50,120,70,PU,0.6,10,15,Bug,
268,Cascoon,,Bug,,205,50,35,55,25,25,15,3,No,Medium Fast,50,120,70,PU,0.7,11.5,15,Bug,
271,Lombre,,Water,Grass,340,60,50,50,60,70,50,3,No,Medium Slow,50,120,70,PU,1.2,32.5,15,Water1,Grass
274,Nuzleaf,,Grass,Dark,340,70,70,40,60,40,60,3,No,Medium Fast,50,120,70,PU,1,28,15,Field,Grass
281,Kirlia,,Psychic,Fairy,278,38,35,35,65,55,50,3,No,Fast,50,120,35,PU,0.8,20.2,20,Amorphous,
288,Vigoroth,,Normal,,440,80,80,80,55,55,90,3,No,Fast,50,120,70,PU,1.4,46.5,15,Field,
291,Ninjask,,Bug,Flying,456,61,90,45,50,50,160,3,No,NA,50,120,70,UNTIERED,0.8,12,15,Bug,
294,Loudred,,Normal,,360,84,71,43,71,43,48,3,No,Medium Fast,50,120,70,PU,1,40.5,20,Monster,Field
309,Electrike,,Electric,,295,40,45,40,65,40,65,3,No,Fast,50,120,70,LC,0.6,15.2,20,Field,
329,Vibrava,,Ground,Dragon,340,50,70,50,50,50,70,3,No,Medium Slow,50,120,70,PU,1.1,15.3,20,Bug,
364,Sealeo,,Ice,Water,410,90,60,70,75,70,45,3,No,Medium Slow,50,120,70,PU,1.1,87.6,20,Water1,Field
397,Staravia,,Normal,Flying,340,55,75,50,40,40,80,4,No,Medium Slow,50,120,70,PU,0.6,15.5,15,,
404,Luxio,,Electric,,363,60,85,49,60,49,60,4,No,Medium Slow,50,120,100,PU,0.9,30.5,20,,
412,Burmy,Plant,Bug,,224,40,29,45,29,45,36,4,No,Medium Fast,50,120,70,LC,0.2,3.4,15,,
412,Burmy,Trash,Bug,,224,40,29,45,29,45,36,4,No,Medium Fast,50,120,70,LC,0.2,3.4,15,,
412,Burmy,Sandy,Bug,,224,40,29,45,29,45,36,4,No,Medium Fast,50,120,70,LC,0.2,3.4,15,,
415,Combee,,Bug,Flying,244,30,30,42,30,42,70,4,No,Medium Slow,12.5,120,70,LC,0.3,5.5,15,,
433,Chingling,,Psychic,,285,45,30,50,65,50,45,4,No,Fast,50,120,70,LC,0.2,0.6,25,,
451,Skorupi,,Poison,Bug,330,40,50,90,30,55,65,4,No,Slow,50,120,70,LC,0.8,12,20,,
459,Snover,,Grass,Ice,334,60,62,50,62,60,40,4,No,Slow,50,120,70,LC,1,50.5,20,,
507,Herdier,,Normal,,370,65,80,65,35,65,60,5,No,Medium Slow,50,120,70,PU,0.9,14.7,15,,
520,Tranquill,,Normal,Flying,358,62,77,62,50,42,65,5,No,Medium Slow,50,120,70,PU,0.6,15,15,,
525,Boldore,,Rock,,390,70,105,105,50,40,20,5,No,Medium Slow,50,120,70,PU,0.9,102,15,,
529,Drilbur,,Ground,,328,60,85,40,30,45,68,5,No,Medium Fast,50,120,70,LC,0.3,8.5,20,,
536,Palpitoad,,Water,Ground,384,75,65,55,65,55,69,5,No,Medium Slow,50,120,70,PU,0.8,17,20,,
541,Swadloon,,Bug,Grass,380,55,63,90,50,80,42,5,No,Medium Slow,50,120,70,PU,0.5,7.3,15,,
544,Whirlipede,,Bug,Poison,360,40,55,99,40,79,47,5,No,Medium Slow,50,120,70,PU,1.2,58.5,15,,
554,Darumaka,,Fire,,315,70,90,45,15,45,50,5,No,Medium Slow,50,120,70,LC,0.6,37.5,20,,
583,Vanillish,,Ice,,395,51,65,65,80,75,59,5,No,Slow,50,120,70,PU,1.1,41,20,,
613,Cubchoo,,Ice,,305,55,70,40,60,40,40,5,No,Medium Fast,50,120,70,LC,0.5,8.5,20,,
624,Pawniard,,Dark,Steel,340,45,85,70,40,40,60,5,No,Medium Fast,50,120,35,LC,0.5,10.2,20,,
662,Fletchinder,,Fire,Flying,382,62,73,55,56,52,84,6,No,Medium Slow,50,120,70,PU,0.7,16,15,,
665,Spewpa,,Bug,,213,45,22,60,27,30,29,6,No,Medium Fast,50,120,70,PU,0.3,8.4,15,,
670,Floette,,Fairy,,371,54,45,47,75,98,52,6,No,Medium Fast,100,120,70,PU,0.2,0.9,20,,
688,Binacle,,Rock,Water,306,42,52,67,39,56,50,6,No,Medium Fast,50,120,70,LC,0.5,31,20,,
708,Phantump,,Ghost,Grass,309,43,70,48,50,60,38,6,No,Medium Fast,50,120,70,LC,0.4,7,20,,
710,Pumpkaboo,Average,Ghost,Grass,335,49,66,70,44,55,51,6,No,Medium Fast,50,120,70,LC,0.4,5,20,,
710,Pumpkaboo,Large,Ghost,Grass,335,54,66,70,44,55,46,6,No,Medium Fast,50,120,70,LC,0.5,7.5,20,,
710,Pumpkaboo,Small,Ghost,Grass,335,44,66,70,44,55,56,6,No,Medium Fast,50,120,70,LC,0.3,3.5,20,,
710,Pumpkaboo,Super,Ghost,Grass,335,59,66,70,44,55,41,6,No,Medium Fast,50,120,70,LC,0.8,15,20,,
732,Trumbeak,,Normal,Flying,355,55,85,50,40,50,75,7,No,Medium Fast,50,120,70,PU,0.6,14.8,15,,
737,Charjabug,,Bug,Electric,400,57,82,95,55,75,36,7,No,Medium Fast,50,120,70,PU,0.5,10.5,15,,
757,Salandit,,Poison,Fire,320,48,44,40,71,40,77,7,No,Medium Fast,12.5,120,70,LC,0.6,4.8,20,,
762,Steenee,,Grass,,290,52,40,48,40,48,62,7,No,Medium Slow,100,120,70,PU,0.7,8.2,20,,
320,Wailmer,,Water,,400,130,70,35,70,35,60,3,No,NA,50,125,70,LC,2,130,40,Field,Water3
360,Wynaut,,Psychic,,260,95,23,48,23,48,23,3,No,Medium Fast,50,125,70,LC,0.6,14,20,Undiscovered,
425,Drifloon,,Ghost,Flying,348,90,50,34,60,44,70,4,No,NA,50,125,70,PU,0.4,1.2,30,,
20,Raticate,,Normal,,413,55,81,60,50,70,97,1,No,Medium Fast,50,127,70,UNTIERED,0.7,18.5,15,Field,
20,Raticate,Alolan,Dark,Normal,413,75,71,70,40,80,77,7,No,Medium Fast,50,127,70,PU,0.7,25.5,15,Field,
262,Mightyena,,Dark,,420,70,90,70,60,60,70,3,No,Medium Fast,50,127,70,UNTIERED,1,37,15,Field,
400,Bibarel,,Normal,Water,410,79,85,60,55,60,71,4,No,Medium Fast,50,127,70,UNTIERED,1,31.5,15,,
660,Diggersby,,Normal,Ground,423,85,56,77,50,77,78,6,No,Medium Fast,50,127,70,UUBL,1,42.2,15,,
735,Gumshoos,,Normal,,418,88,110,60,55,60,45,7,No,Medium Fast,50,127,70,UNTIERED,0.7,14.2,15,,
440,Happiny,,Normal,,220,100,5,5,15,65,30,4,No,Fast,100,130,140,LC,0.6,24.4,40,,
599,Klink,,Steel,,300,40,55,70,45,60,30,5,No,Medium Slow,NA,130,70,LC,0.3,21,20,,
449,Hippopotas,,Ground,,330,68,72,78,38,42,32,4,No,Slow,50,140,70,LC,0.8,49.5,30,,
453,Croagunk,,Poison,Fighting,300,48,61,40,61,40,50,4,No,Medium Fast,50,140,100,LC,0.7,23,10,,
683,Aromatisse,,Fairy,,462,101,72,72,99,89,29,6,No,Medium Fast,50,140,70,PUBL,0.8,15.5,20,,
685,Slurpuff,,Fairy,,480,82,80,86,85,75,72,6,No,Medium Fast,50,140,70,NUBL,0.8,5,20,,
759,Stufful,,Normal,Fighting,340,70,75,50,45,50,50,7,No,Medium Fast,50,140,70,LC,0.5,6.8,15,,
769,Sandygast,,Ghost,Ground,320,55,55,80,70,45,15,7,No,Medium Fast,50,140,70,LC,0.5,70,15,,
439,Mime Jr.,,Psychic,Fairy,310,20,25,45,70,90,60,4,No,Medium Fast,50,145,70,LC,0.6,13,25,,
35,Clefairy,,Fairy,,323,70,45,48,60,65,35,1,No,Fast,50,150,140,PU,0.6,7.5,10,Fairy,
173,Cleffa,,Fairy,,218,50,25,28,45,55,15,2,No,Fast,50,150,140,LC,0.3,3,10,Undiscovered,
298,Azurill,,Normal,Fairy,190,50,20,40,20,40,20,3,No,Fast,50,150,70,LC,0.1,2,10,Undiscovered,
313,Volbeat,,Bug,,400,65,73,55,47,75,85,3,No,NA,0,150,70,PU,0.7,17.7,15,Bug,Human-Like
314,Illumise,,Bug,,400,65,47,55,73,75,85,3,No,NA,100,150,70,UNTIERED,0.6,17.7,15,Bug,Human-Like
315,Roselia,,Grass,Poison,400,50,60,45,100,80,65,3,No,Medium Slow,50,150,70,PU,0.3,2,20,Fairy,Grass
323,Camerupt,Mega,Fire,Ground,560,70,120,100,145,105,20,3,No,Medium Fast,50,150,70,NUBL,2.5,320.5,20,Field,
323,Camerupt,,Fire,Ground,460,70,100,70,105,75,40,3,No,Medium Fast,50,150,70,UNTIERED,1.9,220,20,Field,
273,Seedot,,Grass,,220,40,40,50,30,30,30,3,No,Medium Fast,50,155,70,LC,0.5,4,15,Field,Grass
342,Crawdaunt,,Water,Dark,468,63,120,85,90,55,55,3,No,NA,50,155,70,UU,1.1,32.8,15,Water2,Water4
676,Furfrou,,Normal,,472,75,80,60,65,90,102,6,No,Medium Fast,50,160,70,UNTIERED,1.2,28,20,,
39,Jigglypuff,,Normal,Fairy,270,115,45,20,45,25,20,1,No,Fast,50,170,70,PU,0.5,5.5,15,Fairy,
174,Igglybuff,,Normal,Fairy,210,90,30,15,40,20,15,2,No,Fast,50,170,70,LC,0.3,1,10,Undiscovered,
66,Machop,,Fighting,,305,70,80,50,35,35,35,1,No,Medium Slow,25,180,70,LC,0.8,19.5,20,Human-Like,
296,Makuhita,,Fighting,,237,72,60,30,20,30,25,3,No,NA,25,180,70,LC,1,86.4,20,Human-Like,
304,Aron,,Steel,Rock,330,50,70,100,40,40,30,3,No,Slow,50,180,35,LC,0.4,60,35,Monster,
307,Meditite,,Fighting,Psychic,280,30,40,55,40,55,60,3,No,Medium Fast,50,180,70,PU,0.6,11.2,20,Human-Like,
532,Timburr,,Fighting,,305,75,80,55,25,35,35,5,No,Medium Slow,25,180,70,LC,0.6,12.5,20,,
551,Sandile,,Ground,Dark,292,50,72,35,35,35,65,5,No,Medium Slow,50,180,70,LC,0.7,15.2,20,,
559,Scraggy,,Dark,Fighting,348,50,75,70,35,70,48,5,No,Medium Fast,50,180,35,LC,0.6,11.8,15,,
619,Mienfoo,,Fighting,,350,45,85,50,55,50,65,5,No,Medium Slow,50,180,70,LC,0.9,20,25,,
679,Honedge,,Steel,Ghost,325,45,80,100,35,37,28,6,No,Medium Fast,50,180,70,LC,0.8,2,20,,
702,Dedenne,,Electric,Fairy,431,67,58,57,81,67,101,6,No,Medium Fast,50,180,70,UNTIERED,0.2,2.2,20,,
777,Togedemaru,,Electric,Steel,435,65,98,63,40,73,96,7,No,Medium Fast,50,180,70,NU,0.3,3.3,10,,
25,Pikachu,,Electric,,320,35,55,40,50,50,90,1,No,Medium Fast,50,190,70,PU,0.4,6,10,Field,Fairy
37,Vulpix,,Fire,,299,38,41,40,50,65,65,1,No,Medium Fast,50,190,70,PU,0.6,9.9,20,Field,
37,Vulpix,Alolan,Ice,,299,38,41,40,50,65,65,7,No,Medium Fast,50,190,70,LC,0.6,9.9,20,Field,
46,Paras,,Bug,Grass,285,35,70,55,45,55,25,1,No,Medium Fast,50,190,70,LC,0.3,5.4,20,Bug,Grass
48,Venonat,,Bug,Poison,305,60,55,50,40,55,45,1,No,Medium Fast,50,190,70,LC,1,30,20,Bug,
54,Psyduck,,Water,,320,50,52,48,65,50,55,1,No,Medium Fast,50,190,70,LC,0.8,19.6,20,Water1,Field
56,Mankey,,Fighting,,305,40,80,35,35,45,70,1,No,Medium Fast,50,190,70,LC,0.5,28,20,Field,
58,Growlithe,,Fire,,350,55,70,45,70,50,60,1,No,Slow,25,190,70,LC,0.7,19,20,Field,
72,Tentacool,,Water,Poison,335,40,40,35,50,100,70,1,No,Slow,50,190,70,LC,0.9,45.5,20,Water3,
77,Ponyta,,Fire,,410,50,85,55,65,65,90,1,No,Medium Fast,50,190,70,LC,1,30,20,Field,
79,Slowpoke,,Water,Psychic,315,90,65,65,40,40,15,1,No,Medium Fast,50,190,70,LC,1.2,36,20,Monster,Water1
81,Magnemite,,Electric,Steel,325,25,35,70,95,55,45,1,No,Medium Fast,NA,190,70,LC,0.3,6,20,Mineral,
84,Doduo,,Normal,Flying,310,35,85,45,35,35,75,1,No,Medium Fast,50,190,70,LC,1.4,39.2,20,Flying,
86,Seel,,Water,,325,65,45,55,45,70,45,1,No,Medium Fast,50,190,70,LC,1.1,90,20,Water1,Field
88,Grimer,,Poison,,325,80,80,50,40,50,25,1,No,Medium Fast,50,190,70,LC,0.9,30,20,Amorphous,
88,Grimer Alolan,,Poison,Dark,325,80,80,50,40,50,25,7,No,Medium Fast,50,190,70,LC,0.7,42,20,Amorphous,
90,Shellder,,Water,,305,30,65,100,45,25,40,1,No,Slow,50,190,70,LC,0.3,4,20,Water3,
92,Gastly,,Ghost,Poison,310,30,35,30,100,35,80,1,No,Medium Slow,50,190,70,LC,1.3,0.1,20,Amorphous,
96,Drowzee,,Psychic,,328,60,48,45,43,90,42,1,No,Medium Fast,50,190,70,LC,1,32.4,20,Human-Like,
100,Voltorb,,Electric,,330,40,30,50,55,55,100,1,No,Medium Fast,NA,190,70,LC,0.5,10.4,20,Mineral,
104,Cubone,,Ground,,320,50,50,95,40,50,35,1,No,Medium Fast,50,190,70,LC,0.4,6.5,20,Monster,
109,Koffing,,Poison,,340,40,65,95,60,45,35,1,No,Medium Fast,50,190,70,LC,0.6,1,20,Amorphous,
172,Pichu,,Electric,,205,20,40,15,35,35,60,2,No,Medium Fast,50,190,70,LC,0.3,2,10,Undiscovered,
175,Togepi,,Fairy,,245,35,20,65,40,65,20,2,No,Fast,12.5,190,70,LC,0.3,1.5,10,Undiscovered,
177,Natu,,Psychic,Flying,320,40,50,45,70,45,70,2,No,Medium Fast,50,190,70,LC,0.2,2,20,Flying,
183,Marill,,Water,Fairy,250,70,20,50,20,50,40,2,No,Fast,50,190,70,PU,0.4,8.5,10,Water1,Fairy
204,Pineco,,Bug,,290,50,65,90,35,35,15,2,No,Medium Fast,50,190,70,LC,0.6,7.2,20,Bug,
206,Dunsparce,,Normal,,415,100,70,70,65,65,45,2,No,Medium Fast,50,190,70,UNTIERED,1.5,14,20,Field,
209,Snubbull,,Fairy,,300,60,80,50,40,40,30,2,No,Fast,50,190,70,LC,0.6,7.8,20,Field,Fairy
213,Shuckle,,Bug,Rock,505,20,10,230,10,230,5,2,No,Medium Slow,50,190,70,PU,0.6,20.5,20,Bug,
218,Slugma,,Fire,,250,40,40,40,70,40,20,2,No,Medium Fast,50,190,70,LC,0.7,35,20,Amorphous,
223,Remoraid,,Water,,300,35,65,35,65,35,65,2,No,Medium Fast,50,190,70,LC,0.6,12,20,Water1,Water2
278,Wingull,,Water,Flying,270,40,30,30,55,30,85,3,No,Medium Fast,50,190,70,PU,0.6,9.5,20,Water1,Flying
293,Whismur,,Normal,,240,64,51,23,51,23,28,3,No,Medium Fast,50,190,70,LC,0.6,16.3,20,Monster,Field
331,Cacnea,,Grass,,335,50,85,40,85,40,35,3,No,Medium Slow,50,190,35,LC,0.4,51.3,20,Grass,Human-Like
339,Barboach,,Water,Ground,288,50,48,43,46,41,60,3,No,Medium Fast,50,190,70,LC,0.4,1.9,20,Water2,
355,Duskull,,Ghost,,295,20,40,90,30,90,25,3,No,Fast,50,190,35,LC,0.8,15,25,Amorphous,
361,Snorunt,,Ice,,300,50,50,50,50,50,50,3,No,Medium Fast,50,190,70,LC,0.7,16.8,20,Fairy,Mineral
362,Glalie,Mega,Ice,,580,80,120,80,120,80,100,3,No,Medium Fast,50,190,70,NU,2.1,350.2,20,Fairy,Mineral
418,Buizel,,Water,,330,55,65,35,60,30,85,4,No,Medium Fast,50,190,70,LC,0.7,29.5,20,,
420,Cherubi,,Grass,,275,45,35,45,62,53,35,4,No,Medium Fast,50,190,70,LC,0.4,3.3,20,,
422,Shellos,,Water,,325,76,48,48,57,62,34,4,No,Medium Fast,50,190,70,LC,0.3,6.3,20,,
427,Buneary,,Normal,,350,55,66,44,44,56,85,4,No,Medium Fast,50,190,0,LC,0.4,5.5,20,,
431,Glameow,,Normal,,310,49,55,42,42,37,85,4,No,Fast,50,190,70,LC,0.5,3.9,20,,
456,Finneon,,Water,,330,49,49,56,49,61,66,4,No,NA,50,190,70,LC,0.4,7,20,,
511,Pansage,,Grass,,316,50,53,48,53,48,64,5,No,Medium Fast,12.5,190,70,LC,0.6,10.5,20,,
513,Pansear,,Fire,,316,50,53,48,53,48,64,5,No,Medium Fast,12.5,190,70,LC,0.6,11,20,,
515,Panpour,,Water,,316,50,53,48,53,48,64,5,No,Medium Fast,12.5,190,70,LC,0.6,13.5,20,,
517,Munna,,Psychic,,292,76,25,45,67,55,24,5,No,Fast,50,190,70,LC,0.6,23.3,10,,
522,Blitzle,,Electric,,295,45,60,32,50,32,76,5,No,Medium Fast,50,190,70,LC,0.8,29.8,20,,
527,Woobat,,Psychic,Flying,313,55,45,43,55,43,72,5,No,Medium Fast,50,190,70,LC,0.4,2.1,15,,
546,Cottonee,,Grass,Fairy,280,40,27,60,37,50,66,5,No,Medium Fast,50,190,70,LC,0.3,0.6,20,,
548,Petilil,,Grass,,280,45,35,50,70,50,30,5,No,Medium Fast,100,190,70,LC,0.5,6.6,20,,
557,Dwebble,,Bug,Rock,325,50,65,85,35,35,55,5,No,Medium Fast,50,190,70,LC,0.3,14.5,20,,
562,Yamask,,Ghost,,303,38,30,85,55,65,30,5,No,Medium Fast,50,190,70,LC,0.5,1.5,25,,
568,Trubbish,,Poison,,329,50,50,62,40,62,65,5,No,Medium Fast,50,190,70,LC,0.6,31,20,,
580,Ducklett,,Water,Flying,305,62,44,50,44,50,55,5,No,Medium Fast,50,190,70,LC,0.5,5.5,20,,
585,Deerling,Spring,Normal,Grass,335,60,60,50,40,50,75,5,No,Medium Fast,50,190,70,LC,0.6,19.5,20,,
585,Deerling,Summer,Normal,Grass,335,60,60,50,40,50,75,5,No,Medium Fast,50,190,70,LC,0.6,19.5,20,,
585,Deerling,Autumn,Normal,Grass,335,60,60,50,40,50,75,5,No,Medium Fast,50,190,70,LC,0.6,19.5,20,,
585,Deerling,Winter,Normal,Grass,335,60,60,50,40,50,75,5,No,Medium Fast,50,190,70,LC,0.6,19.5,20,,
590,Foongus,,Grass,Poison,294,69,55,45,55,55,15,5,No,Medium Fast,50,190,70,LC,0.2,1,20,,
592,Frillish,,Water,Ghost,335,55,40,50,65,85,40,5,No,Medium Fast,50,190,70,LC,1.2,33,20,,
595,Joltik,,Bug,Electric,319,50,47,50,57,50,65,5,No,Medium Fast,50,190,70,LC,0.1,0.6,20,,
602,Tynamo,,Electric,,275,35,55,40,45,40,60,5,No,Slow,50,190,70,LC,0.2,0.3,20,,
607,Litwick,,Ghost,Fire,275,50,30,55,65,55,20,5,No,Medium Slow,50,190,70,LC,0.3,3.1,20,,
622,Golett,,Ground,Ghost,303,59,74,50,35,50,35,5,No,Medium Fast,NA,190,70,LC,1,92,25,,
627,Rufflet,,Normal,Flying,350,70,83,50,37,50,60,5,No,Slow,0,190,70,LC,0.5,10.5,20,,
629,Vullaby,,Dark,Flying,370,70,55,75,45,65,60,5,No,Slow,100,190,35,LC,0.5,9,20,,
677,Espurr,,Psychic,,355,62,48,54,63,60,68,6,No,Medium Fast,50,190,70,LC,0.3,3.5,20,,
686,Inkay,,Dark,Psychic,288,53,54,53,37,46,45,6,No,Medium Fast,50,190,70,LC,0.4,3.5,20,,
694,Helioptile,,Electric,Normal,289,44,38,33,61,43,70,6,No,Medium Fast,50,190,70,LC,0.5,6,20,,
712,Bergmite,,Ice,,304,55,69,85,32,35,28,6,No,Medium Fast,50,190,70,LC,1,99.5,20,,
714,Noibat,,Flying,Dragon,245,40,30,35,45,40,55,6,No,Medium Fast,50,190,70,LC,0.5,8,20,,
742,Cutiefly,,Bug,Fairy,304,40,45,40,55,40,84,7,No,Medium Fast,50,190,70,PU,0.1,0.2,20,,
744,Rockruff,,Rock,,280,45,65,40,30,40,60,7,No,Medium Fast,50,190,70,LC,0.5,9.2,15,,
747,Mareanie,,Poison,Water,305,50,53,62,43,52,45,7,No,Medium Fast,50,190,70,LC,0.4,8,20,,
749,Mudbray,,Ground,,385,70,100,70,45,55,45,7,No,Medium Fast,50,190,70,LC,1,110,20,,
753,Fomantis,,Grass,,250,40,55,35,50,35,35,7,No,Medium Fast,50,190,70,LC,0.3,1.5,20,,
755,Morelull,,Grass,Fairy,282,40,35,55,65,75,12,7,No,Medium Fast,50,190,70,LC,0.2,1.5,20,,
63,Abra,,Psychic,,310,25,20,15,105,55,90,1,No,Medium Slow,25,200,70,LC,0.9,19.5,20,Human-Like,
276,Taillow,,Normal,Flying,270,40,55,30,30,30,85,3,No,Medium Fast,50,200,70,LC,0.3,2.3,15,Flying,
283,Surskit,,Bug,Water,269,40,30,32,50,52,65,3,No,Medium Fast,50,200,70,LC,0.5,1.7,15,Water1,Bug
297,Hariyama,,Fighting,,474,144,120,60,40,60,50,3,No,NA,25,200,70,NU,2.3,253.8,20,Human-Like,
311,Plusle,,Electric,,405,60,50,40,85,75,95,3,No,Medium Fast,50,200,70,UNTIERED,0.4,4.2,20,Fairy,
312,Minun,,Electric,,405,60,40,50,75,85,95,3,No,Medium Fast,50,200,70,UNTIERED,0.4,4.2,20,Fairy,
352,Kecleon,,Normal,,440,60,90,70,60,120,40,3,No,Medium Slow,50,200,70,PU,1,22,20,Field,
357,Tropius,,Grass,Flying,460,99,68,83,72,87,51,3,No,Slow,50,200,70,UNTIERED,2,100,25,Monster,Grass
417,Pachirisu,,Electric,,405,60,45,70,45,90,95,4,No,Medium Fast,50,200,100,UNTIERED,0.4,3.9,10,,
455,Carnivine,,Grass,,454,74,100,72,90,72,46,4,No,Slow,50,200,70,UNTIERED,1.4,27,25,,
574,Gothita,,Psychic,,290,45,30,50,55,65,45,5,No,Medium Slow,50,200,70,PU,0.4,5.8,20,,
577,Solosis,,Psychic,,290,45,30,40,105,50,20,5,No,Medium Slow,50,200,70,LC,0.3,1,20,,
587,Emolga,,Electric,Flying,428,55,75,60,75,60,103,5,No,Medium Fast,50,200,70,UNTIERED,0.4,5,20,,
588,Karrablast,,Bug,,315,50,75,45,40,45,60,5,No,Medium Fast,50,200,70,LC,0.5,5.9,15,,
616,Shelmet,,Bug,,305,50,40,85,40,65,25,5,No,Medium Fast,50,200,70,LC,0.4,7.7,15,,
672,Skiddo,,Grass,,350,66,65,48,62,57,52,6,No,Medium Fast,50,200,70,LC,0.9,31,20,,
682,Spritzee,,Fairy,,341,78,52,60,63,65,23,6,No,Medium Fast,50,200,70,LC,0.2,0.5,20,,
684,Swirlix,,Fairy,,341,62,48,66,59,57,49,6,No,Medium Fast,50,200,70,PU,0.4,3.5,20,,
751,Dewpider,,Water,Bug,269,38,40,52,40,72,27,7,No,Medium Fast,50,200,70,LC,0.3,4,15,,
341,Corphish,,Water,,308,43,80,65,50,35,35,3,No,NA,50,205,70,LC,0.6,11.5,15,Water1,Water3
667,Litleo,,Fire,Normal,369,62,50,58,73,54,72,6,No,Medium Slow,87.5,220,70,LC,0.6,13.5,20,,
674,Pancham,,Fighting,,348,67,82,62,46,48,43,6,No,Medium Fast,50,220,70,LC,0.6,8,25,,
21,Spearow,,Normal,Flying,262,40,60,30,31,31,70,1,No,Medium Fast,50,225,70,LC,0.3,2,15,Flying,
98,Krabby,,Water,,325,30,105,90,25,25,50,1,No,Medium Fast,50,225,70,LC,0.4,6.5,20,Water3,
116,Horsea,,Water,,295,30,40,70,70,25,60,1,No,Medium Fast,50,225,70,LC,0.4,8,20,Water1,Dragon
118,Goldeen,,Water,,320,45,67,60,35,50,63,1,No,Medium Fast,50,225,70,LC,0.6,15,20,Water2,
120,Staryu,,Water,,340,30,45,55,70,55,85,1,No,Slow,NA,225,70,LC,0.8,34.5,20,Water3,
201,Unown,,Psychic,,336,48,72,48,72,48,48,2,No,Medium Fast,NA,225,70,UNTIERED,0.5,5,40,Undiscovered,
220,Swinub,,Ice,Ground,250,50,50,40,30,30,50,2,No,Slow,50,225,70,LC,0.4,6.5,20,Field,
316,Gulpin,,Poison,,302,70,43,53,43,53,40,3,No,NA,50,225,70,LC,0.4,10.3,20,Amorphous,
318,Carvanha,,Water,Dark,305,45,90,20,65,20,65,3,No,Slow,50,225,35,LC,0.8,20.8,20,Water2,
353,Shuppet,,Ghost,,295,44,75,35,63,33,45,3,No,Fast,50,225,35,PU,0.6,2.3,25,Amorphous,
370,Luvdisc,,Water,,330,43,30,55,40,65,97,3,No,Fast,50,225,70,UNTIERED,0.6,8.7,20,Water2,
434,Stunky,,Poison,Dark,329,63,63,47,41,41,74,4,No,Medium Fast,50,225,70,LC,0.4,19.2,20,,
669,Flabb,,Fairy,,303,44,38,39,61,79,42,6,No,Medium Fast,100,225,70,LC,0.1,0.1,20,,
690,Skrelp,,Poison,Water,320,50,60,60,60,60,30,6,No,Medium Fast,50,225,70,LC,0.5,7.3,20,,
692,Clauncher,,Water,,330,50,53,62,58,63,44,6,No,Slow,50,225,70,LC,0.5,8.3,15,,
739,Crabrawler,,Fighting,,338,47,82,57,42,47,63,7,No,Medium Fast,50,225,70,LC,0.6,7,20,,
32,Nidoran Male,,Poison,,273,46,57,40,40,40,50,1,No,Medium Slow,0,235,70,LC,0.5,9,20,Monster,Field
179,Mareep,,Electric,,280,55,40,40,65,45,35,2,No,Medium Slow,50,235,70,LC,0.6,7.8,20,Monster,Field
191,Sunkern,,Grass,,180,30,30,30,30,30,30,2,No,Medium Slow,50,235,70,LC,0.3,1.8,20,Grass,
280,Ralts,,Psychic,Fairy,198,28,25,25,45,35,40,3,No,Fast,50,235,35,LC,0.4,6.6,20,Amorphous,
403,Shinx,,Electric,,263,45,65,34,40,34,45,4,No,Medium Slow,50,235,70,LC,0.5,9.5,20,,
761,Bounsweet,,Grass,,210,42,30,38,30,38,32,7,No,Medium Slow,100,235,70,LC,0.3,3.2,20,,
10,Caterpie,,Bug,,195,45,30,35,20,20,45,1,No,Medium Fast,50,255,70,LC,0.3,2.9,15,Bug,
13,Weedle,,Bug,Poison,195,40,35,30,20,20,50,1,No,Medium Fast,50,255,70,LC,0.3,3.2,15,Bug,
16,Pidgey,,Normal,Flying,251,40,45,40,35,35,56,1,No,Medium Slow,50,255,70,LC,0.3,1.8,15,Flying,
19,Rattata,,Normal,,253,30,56,35,25,35,72,1,No,Medium Fast,50,255,70,LC,0.3,3.5,15,Field,
19,Rattata,Alolan,Dark,Normal,253,30,56,35,25,35,72,7,No,Medium Fast,50,255,70,LC,0.3,3.8,15,Field,
23,Ekans,,Poison,,288,35,60,44,40,54,55,1,No,Medium Fast,50,255,70,LC,2,6.9,20,Field,Dragon
27,Sandshrew,,Ground,,300,50,75,85,20,30,40,1,No,Medium Fast,50,255,70,LC,0.6,12,20,Field,
27,Sandshrew,Alolan,Ice,Steel,300,50,75,90,10,35,40,7,No,Medium Fast,50,255,70,LC,0.7,40,20,Field,
29,Nidoran Female,,Poison,,275,55,47,52,40,40,41,1,No,Medium Slow,100,255,70,LC,0.4,7,20,Monster,Field
41,Zubat,,Poison,Flying,245,40,45,35,30,40,55,1,No,Medium Fast,50,255,70,LC,0.8,7.5,20,Flying,
43,Oddish,,Grass,Poison,320,45,50,55,75,65,30,1,No,Medium Slow,50,255,70,LC,0.5,5.4,20,Grass,
50,Diglett,,Ground,,265,10,55,25,35,45,95,1,No,Medium Fast,50,255,70,LC,0.2,0.8,20,Field,
50,Diglett,Alolan,Ground,Steel,265,10,55,30,35,45,90,7,No,Medium Fast,50,255,70,LC,0.2,1,20,Field,
52,Meowth,,Normal,,290,40,45,35,40,40,90,1,No,Medium Fast,50,255,70,LC,0.4,4.2,20,Field,
52,Meowth,Alolan,Dark,,290,40,35,35,50,40,90,7,No,Medium Fast,50,255,70,LC,0.4,4.2,20,Field,
60,Poliwag,,Water,,300,40,50,40,40,40,90,1,No,Medium Slow,50,255,70,LC,0.6,12.4,20,Water1,
69,Bellsprout,,Grass,Poison,300,50,75,35,70,30,40,1,No,Medium Slow,50,255,70,LC,0.7,4,20,Grass,
74,Geodude,,Rock,Ground,300,40,80,100,30,30,20,1,No,Medium Slow,50,255,70,LC,0.4,20,20,Mineral,
74,Geodude,Alolan,Rock,Electric,300,40,80,100,30,30,20,7,No,Medium Slow,50,255,70,LC,0.4,20.3,15,Mineral,
129,Magikarp,,Water,,200,20,10,55,15,20,80,1,No,Slow,50,255,70,LC,0.9,10,5,Water2,Dragon
161,Sentret,,Normal,,215,35,46,34,35,45,20,2,No,Medium Fast,50,255,70,LC,0.8,6,15,Field,
163,Hoothoot,,Normal,Flying,262,60,30,30,36,56,50,2,No,Medium Fast,50,255,70,LC,0.7,21.2,15,Flying,
165,Ledyba,,Bug,Flying,265,40,20,30,40,80,55,2,No,Fast,50,255,70,LC,1,10.8,15,Bug,
167,Spinarak,,Bug,Poison,250,40,60,40,40,40,30,2,No,Fast,50,255,70,LC,0.5,8.5,15,Bug,
187,Hoppip,,Grass,Flying,250,35,35,40,35,55,50,2,No,Medium Slow,50,255,70,LC,0.4,0.5,20,Fairy,Grass
194,Wooper,,Water,Ground,210,55,45,45,25,25,15,2,No,Medium Fast,50,255,70,LC,0.4,8.5,20,Water1,Field
261,Poochyena,,Dark,,220,35,55,35,30,30,35,3,No,Medium Fast,50,255,70,LC,0.5,13.6,15,Field,
263,Zigzagoon,,Normal,,240,38,30,41,30,41,60,3,No,Medium Fast,50,255,70,LC,0.4,17.5,15,Field,
265,Wurmple,,Bug,,195,45,45,35,20,30,20,3,No,Medium Fast,50,255,70,LC,0.3,3.6,15,Bug,
270,Lotad,,Water,Grass,220,40,30,30,40,50,30,3,No,Medium Slow,50,255,70,LC,0.5,2.6,15,Water1,Grass
285,Shroomish,,Grass,,295,60,40,60,40,60,35,3,No,NA,50,255,70,LC,0.4,4.5,15,Fairy,Grass
287,Slakoth,,Normal,,280,60,60,60,35,35,30,3,No,Fast,50,255,70,LC,0.8,24,15,Field,
290,Nincada,,Bug,Ground,266,31,45,90,30,30,40,3,No,NA,50,255,70,LC,0.5,5.5,15,Bug,
299,Nosepass,,Rock,,375,30,45,135,45,90,30,3,No,Medium Fast,50,255,70,LC,1,97,20,Mineral,
300,Skitty,,Normal,,260,50,45,45,35,35,50,3,No,Fast,50,255,70,LC,0.6,11,15,Field,Fairy
322,Numel,,Fire,Ground,305,60,60,40,65,45,35,3,No,Medium Fast,50,255,70,LC,0.7,24,20,Field,
325,Spoink,,Psychic,,330,60,25,35,70,80,60,3,No,Fast,50,255,70,LC,0.7,30.6,20,Field,
327,Spinda,,Normal,,360,60,60,60,60,60,60,3,No,Fast,50,255,70,UNTIERED,1.1,5,15,Field,Human-Like
328,Trapinch,,Ground,,290,45,100,45,45,45,10,3,No,Medium Slow,50,255,70,LC,0.7,15,20,Bug,
333,Swablu,,Normal,Flying,310,45,40,60,40,75,50,3,No,NA,50,255,70,LC,0.4,1.2,20,Flying,Dragon
343,Baltoy,,Ground,Psychic,300,40,40,55,40,70,55,3,No,Medium Fast,NA,255,70,LC,0.5,21.5,20,Mineral,
349,Feebas,,Water,,200,20,15,20,10,55,80,3,No,NA,50,255,70,LC,0.6,7.4,20,Water1,Dragon
363,Spheal,,Ice,Water,290,70,40,50,55,50,25,3,No,Medium Slow,50,255,70,LC,0.8,39.5,20,Water1,Field
366,Clamperl,,Water,,345,35,64,85,74,55,32,3,No,NA,50,255,70,LC,0.4,52.5,20,Water1,
396,Starly,,Normal,Flying,245,40,55,30,30,30,60,4,No,Medium Slow,50,255,70,LC,0.3,2,15,,
399,Bidoof,,Normal,,250,59,45,40,35,40,31,4,No,Medium Fast,50,255,70,LC,0.5,20,15,,
401,Kricketot,,Bug,,194,37,25,41,25,41,25,4,No,Medium Slow,50,255,70,LC,0.3,2.2,15,,
406,Budew,,Grass,Poison,280,40,30,35,50,70,55,4,No,Medium Slow,50,255,70,LC,0.2,1.2,20,,
436,Bronzor,,Steel,Psychic,300,57,24,86,24,86,23,4,No,Medium Fast,NA,255,70,LC,0.5,60.5,20,,
438,Bonsly,,Rock,,290,50,80,95,10,45,10,4,No,Medium Fast,50,255,70,LC,0.5,15,20,,
504,Patrat,,Normal,,255,45,55,39,35,39,42,5,No,Medium Fast,50,255,70,LC,0.5,11.6,15,,
505,Watchog,,Normal,,420,60,85,69,60,69,77,5,No,Medium Fast,50,255,70,UNTIERED,1.1,27,20,,
506,Lillipup,,Normal,,275,45,60,45,25,45,55,5,No,Medium Slow,50,255,70,LC,0.4,4.1,15,,
509,Purrloin,,Dark,,281,41,50,37,50,37,66,5,No,Medium Fast,50,255,70,LC,0.4,10.1,20,,
519,Pidove,,Normal,Flying,264,50,55,50,36,30,43,5,No,Medium Slow,50,255,70,LC,0.3,2.1,15,,
524,Roggenrola,,Rock,,280,55,75,85,25,25,15,5,No,Medium Slow,50,255,70,LC,0.4,18,15,,
531,Audino,Mega,Normal,Fairy,545,103,60,126,80,126,50,5,No,Fast,50,255,70,NU,1.5,32,20,,
531,Audino,,Normal,,445,103,60,86,60,86,50,5,No,Fast,50,255,70,PU,1.1,31,20,,
535,Tympole,,Water,,294,50,50,40,50,40,64,5,No,Medium Slow,50,255,70,LC,0.5,4.5,20,,
540,Sewaddle,,Bug,Grass,310,45,53,70,40,60,42,5,No,Medium Slow,50,255,70,LC,0.3,2.5,15,,
543,Venipede,,Bug,Poison,260,30,45,59,30,39,57,5,No,Medium Slow,50,255,70,LC,0.4,5.3,15,,
556,Maractus,,Grass,,461,75,86,67,106,67,60,5,No,Medium Fast,50,255,70,UNTIERED,1,28,20,,
572,Minccino,,Normal,,300,55,50,40,40,40,75,5,No,Fast,50,255,70,LC,0.4,5.8,15,,
582,Vanillite,,Ice,,305,36,50,50,65,60,44,5,No,Slow,50,255,70,LC,0.4,5.7,20,,
597,Ferroseed,,Grass,Steel,305,44,50,91,24,86,10,5,No,Medium Fast,50,255,70,LC,0.6,18.8,20,,
605,Elgyem,,Psychic,,335,55,55,55,85,55,30,5,No,Medium Fast,50,255,70,LC,0.5,9,20,,
659,Bunnelby,,Normal,,237,38,36,38,32,36,57,6,No,Medium Fast,50,255,70,LC,0.4,5,15,,
661,Fletchling,,Normal,Flying,278,45,50,43,40,38,62,6,No,Medium Slow,50,255,70,LC,0.3,1.7,15,,
664,Scatterbug,,Bug,,200,38,35,40,27,25,35,6,No,Medium Fast,50,255,70,LC,0.3,2.5,15,,
731,Pikipek,,Normal,Flying,265,35,75,30,30,30,65,7,No,Medium Fast,50,255,70,LC,0.3,1.2,15,,
734,Yungoos,,Normal,,253,48,70,30,30,30,45,7,No,Medium Fast,50,255,70,LC,0.4,6,15,,
736,Grubbin,,Bug,,300,47,62,45,55,45,46,7,No,Medium Fast,50,255,70,LC,0.4,4.4,15,,
800,Necrozma,Ultra,Psychic,Dragon,754,97,167,97,167,97,129,7,Legendary,Slow,NA,255,0,UBER,7.5,230,120,,
800,Necrozma,Dawn Wings,Psychic,Ghost,680,97,113,109,157,127,77,7,Legendary,Slow,NA,255,0,UBER,4.2,350,120,,
800,Necrozma,Dusk Mane,Psychic,Steel,680,97,157,127,113,109,77,7,Legendary,Slow,NA,255,0,UBER,3.8,460,120,,
800,Necrozma,,Psychic,,600,97,107,101,127,89,79,7,Legendary,Slow,NA,255,0,RU,2.4,230,120,,
170,Chinchou,,Water,Electric,330,75,38,38,56,56,67,2,No,Slow,50,290,70,LC,0.5,12,20,Water2,
670,Floette,Eternal,Fairy,,551,74,65,67,125,128,92,6,No,Medium Fast,100,NA,70,LIMBO,0.2,0.9,20,,